Protein Name,Replicate Name,Precursor Ion Name,Retention Time,Area,Background,Height,Mass Error PPM,Protein
Internal stds_pos,180821_Std_4uMStdsMix1InH2O_1,"DL-Alanine, D3",11.16,0,0,0,#N/A,Internal stds_pos
Internal stds_pos,180821_Std_4uMStdsMix1InH2O_2,"DL-Alanine, D3",11.17,0,0,0,#N/A,Internal stds_pos
Internal stds_pos,180821_Std_4uMStdsMix1InH2O_3,"DL-Alanine, D3",11.37,5674,0,4833,1.4,Internal stds_pos
Internal stds_pos,180821_Std_4uMStdsMix1InMatrix_1,"DL-Alanine, D3",11.15,24169330,366631,2440299,5.5,Internal stds_pos
Internal stds_pos,180821_Std_4uMStdsMix1InMatrix_2,"DL-Alanine, D3",11.05,12335041,0,2320703,4.6,Internal stds_pos
Internal stds_pos,180821_Std_4uMStdsMix1InMatrix_3,"DL-Alanine, D3",11.06,4832756,0,879017,4.8,Internal stds_pos
Internal stds_pos,180821_Std_4uMStdsMix2InH2O_1,"DL-Alanine, D3",11.25,0,0,0,#N/A,Internal stds_pos
Internal stds_pos,180821_Std_4uMStdsMix2InH2O_2,"DL-Alanine, D3",11.24,0,0,0,#N/A,Internal stds_pos
Internal stds_pos,180821_Std_4uMStdsMix2InH2O_3,"DL-Alanine, D3",11.07,0,0,0,#N/A,Internal stds_pos
Internal stds_pos,180821_Std_4uMStdsMix2InMatrix_1,"DL-Alanine, D3",11.15,23806270,338817,2373153,6.1,Internal stds_pos
Internal stds_pos,180821_Std_4uMStdsMix2InMatrix_2,"DL-Alanine, D3",11.06,12849821,115834,2601677,4.1,Internal stds_pos
Internal stds_pos,180821_Std_4uMStdsMix2InMatrix_3,"DL-Alanine, D3",11.07,4514264,66776,833342,4.6,Internal stds_pos
Internal stds_pos,180821_Std_H2OInMatrix_1,"DL-Alanine, D3",11.14,23835940,165683,2316647,6,Internal stds_pos
Internal stds_pos,180821_Std_H2OInMatrix_2,"DL-Alanine, D3",11.03,11987850,157235,2214933,4.4,Internal stds_pos
Internal stds_pos,180821_Std_H2OInMatrix_3,"DL-Alanine, D3",11.04,5401981,0,1105062,4.7,Internal stds_pos
Internal stds_pos,180821_Blk_FilterBlank_1,"DL-Alanine, D3",10.52,36947860,0,3063413,4.9,Internal stds_pos
Internal stds_pos,180821_Blk_MQBlk_1,"DL-Alanine, D3",11,14471283,162462,1479995,6,Internal stds_pos
Internal stds_pos,180821_Blk_MQBlk_2,"DL-Alanine, D3",10.92,17712030,0,1890185,5.2,Internal stds_pos
Internal stds_pos,180821_Blk_MQBlk_3,"DL-Alanine, D3",10.68,34348400,40243,2866878,5.2,Internal stds_pos
Internal stds_pos,180821_Blk_SWBlk_1,"DL-Alanine, D3",11.17,10069741,81455,1261194,5.8,Internal stds_pos
Internal stds_pos,180821_Blk_SWBlk_2,"DL-Alanine, D3",11.1,9104535,0,1519148,5,Internal stds_pos
Internal stds_pos,180821_Blk_SWBlk_3,"DL-Alanine, D3",11.04,4521282,0,831615,5.1,Internal stds_pos
Internal stds_pos,180821_Poo_Day1and2Poo_Full1,"DL-Alanine, D3",11.17,20099978,194195,2024177,5.9,Internal stds_pos
Internal stds_pos,180821_Poo_Day1and2Poo_Full2,"DL-Alanine, D3",11.14,8016828,0,983264,5.6,Internal stds_pos
Internal stds_pos,180821_Poo_Day1and2Poo_Full3,"DL-Alanine, D3",11.13,10243337,59167,1521531,6.1,Internal stds_pos
Internal stds_pos,180821_Poo_Day1and2Poo_Full4,"DL-Alanine, D3",11.1,7522470,0,1356098,5.3,Internal stds_pos
Internal stds_pos,180821_Poo_Day1and2Poo_Full5,"DL-Alanine, D3",11.07,4527122,940,863129,5.4,Internal stds_pos
Internal stds_pos,180821_Poo_Day1and2Poo_Full6,"DL-Alanine, D3",11.05,4330348,0,913943,4.9,Internal stds_pos
Internal stds_pos,180821_Poo_Day1and2Poo_Half1,"DL-Alanine, D3",11.09,10149513,134567,1289336,5.7,Internal stds_pos
Internal stds_pos,180821_Poo_Day1and2Poo_Half2,"DL-Alanine, D3",11.08,4736466,0,623373,5.3,Internal stds_pos
Internal stds_pos,180821_Poo_Day1and2Poo_Half3,"DL-Alanine, D3",11.06,6537282,0,897833,5.8,Internal stds_pos
Internal stds_pos,180821_Poo_Day1and2Poo_Half4,"DL-Alanine, D3",11.02,6657918,0,943090,5.2,Internal stds_pos
Internal stds_pos,180821_Poo_Day1and2Poo_Half5,"DL-Alanine, D3",10.96,10332063,7049,1585619,5.5,Internal stds_pos
Internal stds_pos,180821_Poo_Day1and2Poo_Half6,"DL-Alanine, D3",10.95,13146865,82756,1935637,4.9,Internal stds_pos
Internal stds_pos,180821_Poo_MesoScopeQC_1,"DL-Alanine, D3",11.24,8257348,50406,1022079,5.7,Internal stds_pos
Internal stds_pos,180821_Poo_MesoScopeQC_2,"DL-Alanine, D3",11.19,8312022,94511,988936,5.8,Internal stds_pos
Internal stds_pos,180821_Poo_MesoScopeQC_3,"DL-Alanine, D3",11.13,10546296,29143,1538745,5.7,Internal stds_pos
Internal stds_pos,180821_Poo_MesoScopeQC_4,"DL-Alanine, D3",11.11,9662334,81863,1474196,5.2,Internal stds_pos
Internal stds_pos,180821_Poo_MesoScopeQC_5,"DL-Alanine, D3",11.07,4584832,0,883204,5.2,Internal stds_pos
Internal stds_pos,180821_Poo_MesoScopeQC_6,"DL-Alanine, D3",11.07,3735570,0,686514,5.3,Internal stds_pos
Internal stds_pos,180821_Smp_MS10C215m_A,"DL-Alanine, D3",11.25,7499834,0,828115,6.2,Internal stds_pos
Internal stds_pos,180821_Smp_MS10C215m_B,"DL-Alanine, D3",11.01,4958948,0,906016,4.8,Internal stds_pos
Internal stds_pos,180821_Smp_MS10C215m_C,"DL-Alanine, D3",11.07,5511784,10549,980704,5.3,Internal stds_pos
Internal stds_pos,180821_Smp_MS10C2175m_A,"DL-Alanine, D3",11,5988059,0,1126392,5,Internal stds_pos
Internal stds_pos,180821_Smp_MS10C2175m_B,"DL-Alanine, D3",11.03,6762112,0,1361983,5.4,Internal stds_pos
Internal stds_pos,180821_Smp_MS10C2175m_C,"DL-Alanine, D3",11.12,8569702,0,1203226,6,Internal stds_pos
Internal stds_pos,180821_Smp_MS10C2DCM_A,"DL-Alanine, D3",11.02,6488224,23084,1298845,5.5,Internal stds_pos
Internal stds_pos,180821_Smp_MS10C2DCM_B,"DL-Alanine, D3",10.93,19991402,250394,3467431,4.8,Internal stds_pos
Internal stds_pos,180821_Smp_MS10C2DCM_C,"DL-Alanine, D3",11.02,9077287,86206,1813944,5.2,Internal stds_pos
Internal stds_pos,180821_Smp_MS11C215m_A,"DL-Alanine, D3",11.1,9498784,0,1383730,6,Internal stds_pos
Internal stds_pos,180821_Smp_MS11C215m_B,"DL-Alanine, D3",11.17,8647694,0,965087,5.7,Internal stds_pos
Internal stds_pos,180821_Smp_MS11C215m_C,"DL-Alanine, D3",11.1,8784183,25849,1312486,5.8,Internal stds_pos
Internal stds_pos,180821_Smp_MS11C2175m_A,"DL-Alanine, D3",11.01,9862615,0,1926695,4.2,Internal stds_pos
Internal stds_pos,180821_Smp_MS11C2175m_B,"DL-Alanine, D3",11.11,10035803,69780,1467843,5.8,Internal stds_pos
Internal stds_pos,180821_Smp_MS11C2175m_C,"DL-Alanine, D3",11.06,11054896,0,1747124,4.9,Internal stds_pos
Internal stds_pos,180821_Smp_MS11C2DCM_A,"DL-Alanine, D3",11.04,5123148,0,1036522,4.5,Internal stds_pos
Internal stds_pos,180821_Smp_MS11C2DCM_B,"DL-Alanine, D3",11.19,6975951,0,829755,6.1,Internal stds_pos
Internal stds_pos,180821_Smp_MS11C2DCM_C,"DL-Alanine, D3",11.04,5638603,0,1111821,4.6,Internal stds_pos
Internal stds_pos,180821_Smp_MS12C115m_A,"DL-Alanine, D3",11.06,5758082,0,1100016,5.3,Internal stds_pos
Internal stds_pos,180821_Smp_MS12C115m_B,"DL-Alanine, D3",11,5095364,0,923778,5.1,Internal stds_pos
Internal stds_pos,180821_Smp_MS12C115m_C,"DL-Alanine, D3",11.03,7016468,62509,1406597,4.4,Internal stds_pos
Internal stds_pos,180821_Smp_MS12C1175m_A,"DL-Alanine, D3",11.17,7318610,23529,867821,5.8,Internal stds_pos
Internal stds_pos,180821_Smp_MS12C1175m_B,"DL-Alanine, D3",11.04,8348958,15602,1586773,5.6,Internal stds_pos
Internal stds_pos,180821_Smp_MS12C1175m_C,"DL-Alanine, D3",11.05,10000468,141485,1584916,4.8,Internal stds_pos
Internal stds_pos,180821_Smp_MS12C1DCM_A,"DL-Alanine, D3",11.13,8913791,9233,1155973,5.9,Internal stds_pos
Internal stds_pos,180821_Smp_MS12C1DCM_B,"DL-Alanine, D3",10.99,13694364,137155,2318633,4.6,Internal stds_pos
Internal stds_pos,180821_Smp_MS12C1DCM_C,"DL-Alanine, D3",11.03,8367507,130849,1649500,4.3,Internal stds_pos
Internal stds_pos,180821_Smp_MS13C2175m_A,"DL-Alanine, D3",11.14,8918443,0,1165804,5.8,Internal stds_pos
Internal stds_pos,180821_Smp_MS13C2175m_B,"DL-Alanine, D3",11.1,9426656,2585,1361876,5.8,Internal stds_pos
Internal stds_pos,180821_Smp_MS13C2175m_C,"DL-Alanine, D3",11.08,7091019,0,1078414,5.2,Internal stds_pos
Internal stds_pos,180821_Smp_MS13C2DCM_A,"DL-Alanine, D3",11.1,9911983,65768,1448216,5.5,Internal stds_pos
Internal stds_pos,180821_Smp_MS13C2DCM_B,"DL-Alanine, D3",11.07,10174477,0,1454725,5.2,Internal stds_pos
Internal stds_pos,180821_Smp_MS13C2DCM_C,"DL-Alanine, D3",11.07,8160354,0,1480631,5.5,Internal stds_pos
Internal stds_pos,180821_Smp_MS13C315m_A,"DL-Alanine, D3",11.04,3708507,202348,712750,4.7,Internal stds_pos
Internal stds_pos,180821_Smp_MS13C315m_B,"DL-Alanine, D3",11.14,7660158,0,921688,5.2,Internal stds_pos
Internal stds_pos,180821_Smp_MS13C315m_C,"DL-Alanine, D3",11.01,9666319,105486,1889683,4.7,Internal stds_pos
Internal stds_pos,180821_Smp_MS14C215m_A,"DL-Alanine, D3",10.99,7403035,0,1438863,4.7,Internal stds_pos
Internal stds_pos,180821_Smp_MS14C215m_B,"DL-Alanine, D3",11.08,7484221,0,1232965,5.2,Internal stds_pos
Internal stds_pos,180821_Smp_MS14C215m_C,"DL-Alanine, D3",11.07,8233990,0,1395484,5,Internal stds_pos
Internal stds_pos,180821_Smp_MS14C2175m_A,"DL-Alanine, D3",11.05,6870234,0,1191145,5.1,Internal stds_pos
Internal stds_pos,180821_Smp_MS14C2175m_B,"DL-Alanine, D3",11.02,10229575,150735,2030670,5.2,Internal stds_pos
Internal stds_pos,180821_Smp_MS14C2175m_C,"DL-Alanine, D3",11.14,8168593,0,1007766,5.8,Internal stds_pos
Internal stds_pos,180821_Smp_MS14C2DCM_A,"DL-Alanine, D3",11.17,7831402,0,893263,5.5,Internal stds_pos
Internal stds_pos,180821_Smp_MS14C2DCM_B,"DL-Alanine, D3",10.98,15301404,281362,3201888,5,Internal stds_pos
Internal stds_pos,180821_Smp_MS14C2DCM_C,"DL-Alanine, D3",11.14,24995232,105600,3556638,5.3,Internal stds_pos
Internal stds_pos,180821_Smp_MS4C115m_A,"DL-Alanine, D3",11.19,17451278,206974,1773171,5.7,Internal stds_pos
Internal stds_pos,180821_Smp_MS4C115m_B,"DL-Alanine, D3",11.03,4418673,32596,852913,5.3,Internal stds_pos
Internal stds_pos,180821_Smp_MS4C115m_C,"DL-Alanine, D3",10.99,4319920,0,878430,5.3,Internal stds_pos
Internal stds_pos,180821_Smp_MS4C1175m_A,"DL-Alanine, D3",11.16,8409409,10406,978702,5.6,Internal stds_pos
Internal stds_pos,180821_Smp_MS4C1175m_B,"DL-Alanine, D3",11.11,8927369,33119,1310600,5.7,Internal stds_pos
Internal stds_pos,180821_Smp_MS4C1175m_C,"DL-Alanine, D3",11,9330267,40668,1826039,4.2,Internal stds_pos
Internal stds_pos,180821_Smp_MS4C1DCM_A,"DL-Alanine, D3",11.11,10620830,0,1520642,5.8,Internal stds_pos
Internal stds_pos,180821_Smp_MS4C1DCM_B,"DL-Alanine, D3",11.16,7820130,0,985165,5.5,Internal stds_pos
Internal stds_pos,180821_Smp_MS4C1DCM_C,"DL-Alanine, D3",11.08,8063781,2474,1447771,5.4,Internal stds_pos
Internal stds_pos,180821_Smp_MS5C115m_A,"DL-Alanine, D3",11.03,9711440,125435,1866381,4.1,Internal stds_pos
Internal stds_pos,180821_Smp_MS5C115m_B,"DL-Alanine, D3",11.16,10761095,0,1387743,5.7,Internal stds_pos
Internal stds_pos,180821_Smp_MS5C115m_C,"DL-Alanine, D3",11.1,8350516,16624,1270688,5,Internal stds_pos
Internal stds_pos,180821_Smp_MS5C1175m_A,"DL-Alanine, D3",11.15,9387101,78696,1257285,5.6,Internal stds_pos
Internal stds_pos,180821_Smp_MS5C1175m_B,"DL-Alanine, D3",11.07,11170459,0,1712326,5.4,Internal stds_pos
Internal stds_pos,180821_Smp_MS5C1175m_C,"DL-Alanine, D3",10.99,8359205,50453,1746269,5,Internal stds_pos
Internal stds_pos,180821_Smp_MS5C1DCM_A,"DL-Alanine, D3",11.01,13941981,179161,2782947,4.6,Internal stds_pos
Internal stds_pos,180821_Smp_MS5C1DCM_B,"DL-Alanine, D3",11.19,18279850,146104,1864191,5.5,Internal stds_pos
Internal stds_pos,180821_Smp_MS5C1DCM_C,"DL-Alanine, D3",10.99,13384744,0,2875418,4.8,Internal stds_pos
Internal stds_pos,180821_Smp_MS6C315m_A,"DL-Alanine, D3",11.1,7853184,0,1144613,5.6,Internal stds_pos
Internal stds_pos,180821_Smp_MS6C315m_B,"DL-Alanine, D3",11.1,6190780,0,952196,5.3,Internal stds_pos
Internal stds_pos,180821_Smp_MS6C315m_C,"DL-Alanine, D3",11.04,8460925,24271,1233864,5.6,Internal stds_pos
Internal stds_pos,180821_Smp_MS6C3175m_A,"DL-Alanine, D3",11,4569231,0,914592,5.1,Internal stds_pos
Internal stds_pos,180821_Smp_MS6C3175m_B,"DL-Alanine, D3",11.03,4829329,0,887106,5.5,Internal stds_pos
Internal stds_pos,180821_Smp_MS6C3175m_C,"DL-Alanine, D3",11.18,17514982,119605,1781806,5.8,Internal stds_pos
Internal stds_pos,180821_Smp_MS6C3DCM_A,"DL-Alanine, D3",11.15,9755137,0,1264130,6.1,Internal stds_pos
Internal stds_pos,180821_Smp_MS6C3DCM_B,"DL-Alanine, D3",11.17,10298107,7848,1382301,5.6,Internal stds_pos
Internal stds_pos,180821_Smp_MS6C3DCM_C,"DL-Alanine, D3",11.05,8039133,0,1574921,4.4,Internal stds_pos
Internal stds_pos,180821_Smp_MS7C115m_A,"DL-Alanine, D3",11.08,8723651,43371,1580234,5.2,Internal stds_pos
Internal stds_pos,180821_Smp_MS7C115m_B,"DL-Alanine, D3",11.18,17788682,156222,1712030,5.7,Internal stds_pos
Internal stds_pos,180821_Smp_MS7C115m_C,"DL-Alanine, D3",11.11,9442310,55660,1489055,5.1,Internal stds_pos
Internal stds_pos,180821_Smp_MS7C1175m_A,"DL-Alanine, D3",11.07,6759697,0,1061149,5,Internal stds_pos
Internal stds_pos,180821_Smp_MS7C1175m_B,"DL-Alanine, D3",11.17,9378373,0,1217037,5.7,Internal stds_pos
Internal stds_pos,180821_Smp_MS7C1175m_C,"DL-Alanine, D3",11.08,9348379,93951,1320266,6.2,Internal stds_pos
Internal stds_pos,180821_Smp_MS7C1DCM_A,"DL-Alanine, D3",11.1,8285827,105732,1571738,5,Internal stds_pos
Internal stds_pos,180821_Smp_MS7C1DCM_B,"DL-Alanine, D3",11.07,7181769,83796,1048345,4.9,Internal stds_pos
Internal stds_pos,180821_Smp_MS7C1DCM_C,"DL-Alanine, D3",11.06,4731664,67948,897870,4.9,Internal stds_pos
Internal stds_pos,180821_Smp_MS8C115m_A,"DL-Alanine, D3",11.09,9316581,17071,1642052,5.1,Internal stds_pos
Internal stds_pos,180821_Smp_MS8C115m_B,"DL-Alanine, D3",11.17,9529219,0,1274894,5.8,Internal stds_pos
Internal stds_pos,180821_Smp_MS8C115m_C,"DL-Alanine, D3",11.01,4818577,0,968524,4.9,Internal stds_pos
Internal stds_pos,180821_Smp_MS8C1175m_A,"DL-Alanine, D3",11.03,5458884,51575,1050150,4.9,Internal stds_pos
Internal stds_pos,180821_Smp_MS8C1175m_B,"DL-Alanine, D3",11.02,11330040,144284,2179236,5,Internal stds_pos
Internal stds_pos,180821_Smp_MS8C1175m_C,"DL-Alanine, D3",10.99,4568126,33780,909198,5.1,Internal stds_pos
Internal stds_pos,180821_Smp_MS8C1DCM_A,"DL-Alanine, D3",11.01,5262983,17903,1101589,4.7,Internal stds_pos
Internal stds_pos,180821_Smp_MS8C1DCM_B,"DL-Alanine, D3",10.99,12610167,119051,2637000,4.9,Internal stds_pos
Internal stds_pos,180821_Smp_MS8C1DCM_C,"DL-Alanine, D3",11.16,8341306,0,993597,5.7,Internal stds_pos
Internal stds_pos,180821_Smp_MS9C215m_A,"DL-Alanine, D3",11.1,7565270,57275,1550981,5.3,Internal stds_pos
Internal stds_pos,180821_Smp_MS9C215m_B,"DL-Alanine, D3",10.99,8494234,0,1682074,4.7,Internal stds_pos
Internal stds_pos,180821_Smp_MS9C215m_C,"DL-Alanine, D3",11.12,9152827,0,1288985,5.8,Internal stds_pos
Internal stds_pos,180821_Smp_MS9C2175m_A,"DL-Alanine, D3",11.03,5173763,0,1065650,5,Internal stds_pos
Internal stds_pos,180821_Smp_MS9C2175m_B,"DL-Alanine, D3",11.11,9615096,0,1335296,6,Internal stds_pos
Internal stds_pos,180821_Smp_MS9C2175m_C,"DL-Alanine, D3",11.17,7354374,0,828397,5.8,Internal stds_pos
Internal stds_pos,180821_Smp_MS9C2DCM_A,"DL-Alanine, D3",11.01,7166338,4731,1585077,5,Internal stds_pos
Internal stds_pos,180821_Smp_MS9C2DCM_B,"DL-Alanine, D3",11.16,10367719,37158,1353886,5.8,Internal stds_pos
Internal stds_pos,180821_Smp_MS9C2DCM_C,"DL-Alanine, D3",11.01,9384624,23512,1839943,4.9,Internal stds_pos
Internal stds_pos,180821_Std_4uMStdsMix1InH2O_1,"DL-Histidine, 15N",10.85,1777779,0,95867,2.4,Internal stds_pos
Internal stds_pos,180821_Std_4uMStdsMix1InH2O_2,"DL-Histidine, 15N",10.52,1926092,0,120888,2.5,Internal stds_pos
Internal stds_pos,180821_Std_4uMStdsMix1InH2O_3,"DL-Histidine, 15N",10.13,4139994,0,230670,3,Internal stds_pos
Internal stds_pos,180821_Std_4uMStdsMix1InMatrix_1,"DL-Histidine, 15N",11.13,58828424,422771,4135130,0.7,Internal stds_pos
Internal stds_pos,180821_Std_4uMStdsMix1InMatrix_2,"DL-Histidine, 15N",11.01,17494202,0,1648807,-0.4,Internal stds_pos
Internal stds_pos,180821_Std_4uMStdsMix1InMatrix_3,"DL-Histidine, 15N",11.06,19411674,0,951520,-0.2,Internal stds_pos
Internal stds_pos,180821_Std_4uMStdsMix2InH2O_1,"DL-Histidine, 15N",11.29,0,0,0,#N/A,Internal stds_pos
Internal stds_pos,180821_Std_4uMStdsMix2InH2O_2,"DL-Histidine, 15N",11.29,0,0,0,#N/A,Internal stds_pos
Internal stds_pos,180821_Std_4uMStdsMix2InH2O_3,"DL-Histidine, 15N",11.55,11157,0,6997,-4.3,Internal stds_pos
Internal stds_pos,180821_Std_4uMStdsMix2InMatrix_1,"DL-Histidine, 15N",11.22,54395568,542153,4470762,1.2,Internal stds_pos
Internal stds_pos,180821_Std_4uMStdsMix2InMatrix_2,"DL-Histidine, 15N",11.05,18460594,50619,1944576,-0.7,Internal stds_pos
Internal stds_pos,180821_Std_4uMStdsMix2InMatrix_3,"DL-Histidine, 15N",11.07,17012364,0,1053009,-0.3,Internal stds_pos
Internal stds_pos,180821_Std_H2OInMatrix_1,"DL-Histidine, 15N",11.2,48068044,205201,3932152,1.1,Internal stds_pos
Internal stds_pos,180821_Std_H2OInMatrix_2,"DL-Histidine, 15N",11,12739419,217959,1354072,-0.5,Internal stds_pos
Internal stds_pos,180821_Std_H2OInMatrix_3,"DL-Histidine, 15N",11.03,14636290,0,985326,-0.2,Internal stds_pos
Internal stds_pos,180821_Blk_FilterBlank_1,"DL-Histidine, 15N",10.2,69423920,564780,3848137,-0.1,Internal stds_pos
Internal stds_pos,180821_Blk_MQBlk_1,"DL-Histidine, 15N",11.03,18017908,0,1029039,1.1,Internal stds_pos
Internal stds_pos,180821_Blk_MQBlk_2,"DL-Histidine, 15N",10.9,18782834,0,1003366,0.2,Internal stds_pos
Internal stds_pos,180821_Blk_MQBlk_3,"DL-Histidine, 15N",10.49,64102832,764433,2907692,0.2,Internal stds_pos
Internal stds_pos,180821_Blk_SWBlk_1,"DL-Histidine, 15N",11.26,14072894,0,1005364,0.8,Internal stds_pos
Internal stds_pos,180821_Blk_SWBlk_2,"DL-Histidine, 15N",11.15,11584072,137346,1057737,0.2,Internal stds_pos
Internal stds_pos,180821_Blk_SWBlk_3,"DL-Histidine, 15N",11.02,8377978,0,876339,0.1,Internal stds_pos
Internal stds_pos,180821_Poo_Day1and2Poo_Full1,"DL-Histidine, 15N",11.25,39137000,172743,2617522,1,Internal stds_pos
Internal stds_pos,180821_Poo_Day1and2Poo_Full2,"DL-Histidine, 15N",11.25,11111885,122855,898556,0.7,Internal stds_pos
Internal stds_pos,180821_Poo_Day1and2Poo_Full3,"DL-Histidine, 15N",11.19,13110627,53752,1196592,1.1,Internal stds_pos
Internal stds_pos,180821_Poo_Day1and2Poo_Full4,"DL-Histidine, 15N",11.1,9875187,0,1078020,0.3,Internal stds_pos
Internal stds_pos,180821_Poo_Day1and2Poo_Full5,"DL-Histidine, 15N",11.04,8548672,25930,855032,0.5,Internal stds_pos
Internal stds_pos,180821_Poo_Day1and2Poo_Full6,"DL-Histidine, 15N",11.05,9874125,0,949721,-0.1,Internal stds_pos
Internal stds_pos,180821_Poo_Day1and2Poo_Half1,"DL-Histidine, 15N",11.13,21581206,0,1360898,0.8,Internal stds_pos
Internal stds_pos,180821_Poo_Day1and2Poo_Half2,"DL-Histidine, 15N",11.13,6657448,0,434611,0.3,Internal stds_pos
Internal stds_pos,180821_Poo_Day1and2Poo_Half3,"DL-Histidine, 15N",11.12,6823471,0,541713,0.9,Internal stds_pos
Internal stds_pos,180821_Poo_Day1and2Poo_Half4,"DL-Histidine, 15N",11.01,6692191,0,643340,0.1,Internal stds_pos
Internal stds_pos,180821_Poo_Day1and2Poo_Half5,"DL-Histidine, 15N",10.9,10427377,115078,1243731,0.5,Internal stds_pos
Internal stds_pos,180821_Poo_Day1and2Poo_Half6,"DL-Histidine, 15N",10.89,17170156,110599,1569758,0,Internal stds_pos
Internal stds_pos,180821_Poo_MesoScopeQC_1,"DL-Histidine, 15N",11.34,12306825,199963,1136627,0.8,Internal stds_pos
Internal stds_pos,180821_Poo_MesoScopeQC_2,"DL-Histidine, 15N",11.27,12013864,166878,1177331,0.6,Internal stds_pos
Internal stds_pos,180821_Poo_MesoScopeQC_3,"DL-Histidine, 15N",11.21,13419857,22304,1208337,0.9,Internal stds_pos
Internal stds_pos,180821_Poo_MesoScopeQC_4,"DL-Histidine, 15N",11.17,12493024,87997,1474204,0.2,Internal stds_pos
Internal stds_pos,180821_Poo_MesoScopeQC_5,"DL-Histidine, 15N",11.05,9503031,77367,1050138,0.2,Internal stds_pos
Internal stds_pos,180821_Poo_MesoScopeQC_6,"DL-Histidine, 15N",11.05,8674607,0,751840,0.3,Internal stds_pos
Internal stds_pos,180821_Smp_MS10C215m_A,"DL-Histidine, 15N",11.38,11001266,0,996625,1,Internal stds_pos
Internal stds_pos,180821_Smp_MS10C215m_B,"DL-Histidine, 15N",10.98,11002940,0,845242,-0.2,Internal stds_pos
Internal stds_pos,180821_Smp_MS10C215m_C,"DL-Histidine, 15N",11.11,8163130,33840,705355,0.3,Internal stds_pos
Internal stds_pos,180821_Smp_MS10C2175m_A,"DL-Histidine, 15N",10.93,9756367,51959,809986,-0.1,Internal stds_pos
Internal stds_pos,180821_Smp_MS10C2175m_B,"DL-Histidine, 15N",11.01,9693927,0,963504,0.3,Internal stds_pos
Internal stds_pos,180821_Smp_MS10C2175m_C,"DL-Histidine, 15N",11.21,11588116,0,966910,1,Internal stds_pos
Internal stds_pos,180821_Smp_MS10C2DCM_A,"DL-Histidine, 15N",11.01,9511769,0,1079773,0.4,Internal stds_pos
Internal stds_pos,180821_Smp_MS10C2DCM_B,"DL-Histidine, 15N",10.88,16536369,190831,1978189,-0.1,Internal stds_pos
Internal stds_pos,180821_Smp_MS10C2DCM_C,"DL-Histidine, 15N",10.99,11598184,432701,1240390,0.2,Internal stds_pos
Internal stds_pos,180821_Smp_MS11C215m_A,"DL-Histidine, 15N",11.16,26736098,148513,2873146,1,Internal stds_pos
Internal stds_pos,180821_Smp_MS11C215m_B,"DL-Histidine, 15N",11.26,12020354,0,886270,0.7,Internal stds_pos
Internal stds_pos,180821_Smp_MS11C215m_C,"DL-Histidine, 15N",11.18,11655415,40825,957812,0.9,Internal stds_pos
Internal stds_pos,180821_Smp_MS11C2175m_A,"DL-Histidine, 15N",11,12122968,1218776,1362206,-0.7,Internal stds_pos
Internal stds_pos,180821_Smp_MS11C2175m_B,"DL-Histidine, 15N",11.19,12579453,0,1076728,0.8,Internal stds_pos
Internal stds_pos,180821_Smp_MS11C2175m_C,"DL-Histidine, 15N",11.09,12108154,8034,1088870,0,Internal stds_pos
Internal stds_pos,180821_Smp_MS11C2DCM_A,"DL-Histidine, 15N",11.03,6603631,0,778721,-0.4,Internal stds_pos
Internal stds_pos,180821_Smp_MS11C2DCM_B,"DL-Histidine, 15N",11.28,9722266,0,748418,1,Internal stds_pos
Internal stds_pos,180821_Smp_MS11C2DCM_C,"DL-Histidine, 15N",11.01,8981986,0,998272,-0.2,Internal stds_pos
Internal stds_pos,180821_Smp_MS12C115m_A,"DL-Histidine, 15N",11.04,11523600,0,1065145,0.3,Internal stds_pos
Internal stds_pos,180821_Smp_MS12C115m_B,"DL-Histidine, 15N",10.98,9138387,51705,980996,0.1,Internal stds_pos
Internal stds_pos,180821_Smp_MS12C115m_C,"DL-Histidine, 15N",11.01,7666255,0,726554,-0.5,Internal stds_pos
Internal stds_pos,180821_Smp_MS12C1175m_A,"DL-Histidine, 15N",11.28,9328353,20774,771037,0.7,Internal stds_pos
Internal stds_pos,180821_Smp_MS12C1175m_B,"DL-Histidine, 15N",11.01,13566738,0,1440175,0.6,Internal stds_pos
Internal stds_pos,180821_Smp_MS12C1175m_C,"DL-Histidine, 15N",11.07,10539751,0,1053267,-0.1,Internal stds_pos
Internal stds_pos,180821_Smp_MS12C1DCM_A,"DL-Histidine, 15N",11.22,12092069,0,874983,1.1,Internal stds_pos
Internal stds_pos,180821_Smp_MS12C1DCM_B,"DL-Histidine, 15N",10.98,11906834,0,1333965,-0.4,Internal stds_pos
Internal stds_pos,180821_Smp_MS12C1DCM_C,"DL-Histidine, 15N",11.01,9133844,0,912193,-0.6,Internal stds_pos
Internal stds_pos,180821_Smp_MS13C2175m_A,"DL-Histidine, 15N",11.24,11429282,103815,930363,0.9,Internal stds_pos
Internal stds_pos,180821_Smp_MS13C2175m_B,"DL-Histidine, 15N",11.17,12206376,10739,926678,0.9,Internal stds_pos
Internal stds_pos,180821_Smp_MS13C2175m_C,"DL-Histidine, 15N",11.11,7933132,0,803023,0.3,Internal stds_pos
Internal stds_pos,180821_Smp_MS13C2DCM_A,"DL-Histidine, 15N",11.16,13366018,198454,1054547,0.6,Internal stds_pos
Internal stds_pos,180821_Smp_MS13C2DCM_B,"DL-Histidine, 15N",11.08,11255523,17583,928701,0.2,Internal stds_pos
Internal stds_pos,180821_Smp_MS13C2DCM_C,"DL-Histidine, 15N",11.07,9661217,0,1000082,0.4,Internal stds_pos
Internal stds_pos,180821_Smp_MS13C315m_A,"DL-Histidine, 15N",11.01,5225719,0,508188,-0.4,Internal stds_pos
Internal stds_pos,180821_Smp_MS13C315m_B,"DL-Histidine, 15N",11.27,11090001,0,815283,0.1,Internal stds_pos
Internal stds_pos,180821_Smp_MS13C315m_C,"DL-Histidine, 15N",10.96,9403025,0,862102,-0.4,Internal stds_pos
Internal stds_pos,180821_Smp_MS14C215m_A,"DL-Histidine, 15N",10.98,13745865,153976,1132219,-0.3,Internal stds_pos
Internal stds_pos,180821_Smp_MS14C215m_B,"DL-Histidine, 15N",11.13,10458491,0,942068,0.2,Internal stds_pos
Internal stds_pos,180821_Smp_MS14C215m_C,"DL-Histidine, 15N",11.08,10023008,0,931076,0.1,Internal stds_pos
Internal stds_pos,180821_Smp_MS14C2175m_A,"DL-Histidine, 15N",11.11,8272929,0,787419,0.1,Internal stds_pos
Internal stds_pos,180821_Smp_MS14C2175m_B,"DL-Histidine, 15N",10.98,13501973,0,1418337,0.2,Internal stds_pos
Internal stds_pos,180821_Smp_MS14C2175m_C,"DL-Histidine, 15N",11.23,11184761,0,902474,0.8,Internal stds_pos
Internal stds_pos,180821_Smp_MS14C2DCM_A,"DL-Histidine, 15N",11.27,10054675,0,768495,0.4,Internal stds_pos
Internal stds_pos,180821_Smp_MS14C2DCM_B,"DL-Histidine, 15N",10.93,17190552,0,1470396,0.1,Internal stds_pos
Internal stds_pos,180821_Smp_MS14C2DCM_C,"DL-Histidine, 15N",11.2,31376946,320929,3190683,0.4,Internal stds_pos
Internal stds_pos,180821_Smp_MS4C115m_A,"DL-Histidine, 15N",11.3,41383296,315162,2960696,0.7,Internal stds_pos
Internal stds_pos,180821_Smp_MS4C115m_B,"DL-Histidine, 15N",11.03,9130606,0,1050822,0.3,Internal stds_pos
Internal stds_pos,180821_Smp_MS4C115m_C,"DL-Histidine, 15N",10.96,7948175,0,623969,0.3,Internal stds_pos
Internal stds_pos,180821_Smp_MS4C1175m_A,"DL-Histidine, 15N",11.28,11761750,0,978168,0.7,Internal stds_pos
Internal stds_pos,180821_Smp_MS4C1175m_B,"DL-Histidine, 15N",11.16,11677282,36496,966327,0.8,Internal stds_pos
Internal stds_pos,180821_Smp_MS4C1175m_C,"DL-Histidine, 15N",10.98,9282319,157064,987484,-0.6,Internal stds_pos
Internal stds_pos,180821_Smp_MS4C1DCM_A,"DL-Histidine, 15N",11.21,13426619,0,1134776,0.8,Internal stds_pos
Internal stds_pos,180821_Smp_MS4C1DCM_B,"DL-Histidine, 15N",11.27,10745632,0,932745,0.4,Internal stds_pos
Internal stds_pos,180821_Smp_MS4C1DCM_C,"DL-Histidine, 15N",11.11,9168779,6255,1066649,0.4,Internal stds_pos
Internal stds_pos,180821_Smp_MS5C115m_A,"DL-Histidine, 15N",10.99,9841571,0,1018421,-0.9,Internal stds_pos
Internal stds_pos,180821_Smp_MS5C115m_B,"DL-Histidine, 15N",11.22,13662030,0,1095940,0.8,Internal stds_pos
Internal stds_pos,180821_Smp_MS5C115m_C,"DL-Histidine, 15N",11.11,11006816,15256,1200200,0,Internal stds_pos
Internal stds_pos,180821_Smp_MS5C1175m_A,"DL-Histidine, 15N",11.25,12753582,0,974579,0.5,Internal stds_pos
Internal stds_pos,180821_Smp_MS5C1175m_B,"DL-Histidine, 15N",11.07,12052447,0,975155,0.4,Internal stds_pos
Internal stds_pos,180821_Smp_MS5C1175m_C,"DL-Histidine, 15N",10.96,13047196,0,916580,0,Internal stds_pos
Internal stds_pos,180821_Smp_MS5C1DCM_A,"DL-Histidine, 15N",10.98,19084612,0,1821317,-0.3,Internal stds_pos
Internal stds_pos,180821_Smp_MS5C1DCM_B,"DL-Histidine, 15N",11.32,35287716,375715,2748840,0.6,Internal stds_pos
Internal stds_pos,180821_Smp_MS5C1DCM_C,"DL-Histidine, 15N",10.96,16473861,160807,1353689,-0.1,Internal stds_pos
Internal stds_pos,180821_Smp_MS6C315m_A,"DL-Histidine, 15N",11.16,10913299,0,902044,0.7,Internal stds_pos
Internal stds_pos,180821_Smp_MS6C315m_B,"DL-Histidine, 15N",11.11,8612064,0,773792,0.2,Internal stds_pos
Internal stds_pos,180821_Smp_MS6C315m_C,"DL-Histidine, 15N",11.1,10011047,67209,972686,0.6,Internal stds_pos
Internal stds_pos,180821_Smp_MS6C3175m_A,"DL-Histidine, 15N",10.95,7535508,0,720547,0,Internal stds_pos
Internal stds_pos,180821_Smp_MS6C3175m_B,"DL-Histidine, 15N",11.01,8185315,0,923960,0.5,Internal stds_pos
Internal stds_pos,180821_Smp_MS6C3175m_C,"DL-Histidine, 15N",11.33,34587348,362064,2466198,0.9,Internal stds_pos
Internal stds_pos,180821_Smp_MS6C3DCM_A,"DL-Histidine, 15N",11.24,13018056,0,1138424,1.2,Internal stds_pos
Internal stds_pos,180821_Smp_MS6C3DCM_B,"DL-Histidine, 15N",11.27,12137019,119476,1004094,0.5,Internal stds_pos
Internal stds_pos,180821_Smp_MS6C3DCM_C,"DL-Histidine, 15N",11.05,15499868,0,1700855,-0.4,Internal stds_pos
Internal stds_pos,180821_Smp_MS7C115m_A,"DL-Histidine, 15N",11.13,10522345,0,1068349,0.2,Internal stds_pos
Internal stds_pos,180821_Smp_MS7C115m_B,"DL-Histidine, 15N",11.35,35873164,164103,2627541,0.7,Internal stds_pos
Internal stds_pos,180821_Smp_MS7C115m_C,"DL-Histidine, 15N",11.14,10743274,48159,1167446,0.1,Internal stds_pos
Internal stds_pos,180821_Smp_MS7C1175m_A,"DL-Histidine, 15N",11.12,8379751,0,757411,-0.1,Internal stds_pos
Internal stds_pos,180821_Smp_MS7C1175m_B,"DL-Histidine, 15N",11.25,13054178,0,922312,0.6,Internal stds_pos
Internal stds_pos,180821_Smp_MS7C1175m_C,"DL-Histidine, 15N",11.17,12837388,0,947977,1.1,Internal stds_pos
Internal stds_pos,180821_Smp_MS7C1DCM_A,"DL-Histidine, 15N",11.13,9397432,81057,964072,0.1,Internal stds_pos
Internal stds_pos,180821_Smp_MS7C1DCM_B,"DL-Histidine, 15N",11.11,8867765,111790,755586,-0.1,Internal stds_pos
Internal stds_pos,180821_Smp_MS7C1DCM_C,"DL-Histidine, 15N",11.03,6456092,0,533136,-0.1,Internal stds_pos
Internal stds_pos,180821_Smp_MS8C115m_A,"DL-Histidine, 15N",11.12,12055851,35889,1087977,0.2,Internal stds_pos
Internal stds_pos,180821_Smp_MS8C115m_B,"DL-Histidine, 15N",11.28,12536391,0,969643,0.8,Internal stds_pos
Internal stds_pos,180821_Smp_MS8C115m_C,"DL-Histidine, 15N",11,10142946,731947,918866,-0.1,Internal stds_pos
Internal stds_pos,180821_Smp_MS8C1175m_A,"DL-Histidine, 15N",11.01,9953089,124615,991096,0,Internal stds_pos
Internal stds_pos,180821_Smp_MS8C1175m_B,"DL-Histidine, 15N",11.01,19009866,283731,1609103,0.1,Internal stds_pos
Internal stds_pos,180821_Smp_MS8C1175m_C,"DL-Histidine, 15N",10.96,7449728,0,782347,-0.1,Internal stds_pos
Internal stds_pos,180821_Smp_MS8C1DCM_A,"DL-Histidine, 15N",10.99,9351549,36402,891261,-0.2,Internal stds_pos
Internal stds_pos,180821_Smp_MS8C1DCM_B,"DL-Histidine, 15N",10.94,17969188,0,1363074,-0.1,Internal stds_pos
Internal stds_pos,180821_Smp_MS8C1DCM_C,"DL-Histidine, 15N",11.3,11458126,0,768895,0.7,Internal stds_pos
Internal stds_pos,180821_Smp_MS9C215m_A,"DL-Histidine, 15N",11.13,10075830,0,1000379,0.3,Internal stds_pos
Internal stds_pos,180821_Smp_MS9C215m_B,"DL-Histidine, 15N",10.98,18723876,0,1039682,-0.1,Internal stds_pos
Internal stds_pos,180821_Smp_MS9C215m_C,"DL-Histidine, 15N",11.22,10652292,0,1010857,0.8,Internal stds_pos
Internal stds_pos,180821_Smp_MS9C2175m_A,"DL-Histidine, 15N",11.01,11109929,0,820542,-0.1,Internal stds_pos
Internal stds_pos,180821_Smp_MS9C2175m_B,"DL-Histidine, 15N",11.17,11935793,0,1034555,1,Internal stds_pos
Internal stds_pos,180821_Smp_MS9C2175m_C,"DL-Histidine, 15N",11.31,9907855,0,728024,0.8,Internal stds_pos
Internal stds_pos,180821_Smp_MS9C2DCM_A,"DL-Histidine, 15N",11.01,12860773,0,1234262,0.1,Internal stds_pos
Internal stds_pos,180821_Smp_MS9C2DCM_B,"DL-Histidine, 15N",11.25,13261913,125397,1204713,0.8,Internal stds_pos
Internal stds_pos,180821_Smp_MS9C2DCM_C,"DL-Histidine, 15N",10.98,13293326,0,1386741,-0.1,Internal stds_pos
Internal stds_pos,180821_Std_4uMStdsMix1InH2O_1,"DL-Proline, D7",9.29,0,0,0,#N/A,Internal stds_pos
Internal stds_pos,180821_Std_4uMStdsMix1InH2O_2,"DL-Proline, D7",9.4,0,0,0,#N/A,Internal stds_pos
Internal stds_pos,180821_Std_4uMStdsMix1InH2O_3,"DL-Proline, D7",9.38,0,0,0,#N/A,Internal stds_pos
Internal stds_pos,180821_Std_4uMStdsMix1InMatrix_1,"DL-Proline, D7",9.13,81669848,0,4926233,2.2,Internal stds_pos
Internal stds_pos,180821_Std_4uMStdsMix1InMatrix_2,"DL-Proline, D7",9.08,76120904,183162,4692238,1,Internal stds_pos
Internal stds_pos,180821_Std_4uMStdsMix1InMatrix_3,"DL-Proline, D7",9.03,77817488,909661,5218775,1.3,Internal stds_pos
Internal stds_pos,180821_Std_4uMStdsMix2InH2O_1,"DL-Proline, D7",9.37,0,0,0,#N/A,Internal stds_pos
Internal stds_pos,180821_Std_4uMStdsMix2InH2O_2,"DL-Proline, D7",9.33,0,0,0,#N/A,Internal stds_pos
Internal stds_pos,180821_Std_4uMStdsMix2InH2O_3,"DL-Proline, D7",9.4,0,0,0,#N/A,Internal stds_pos
Internal stds_pos,180821_Std_4uMStdsMix2InMatrix_1,"DL-Proline, D7",9.13,90775448,254382,5622656,2.7,Internal stds_pos
Internal stds_pos,180821_Std_4uMStdsMix2InMatrix_2,"DL-Proline, D7",9.08,77987096,0,5361212,0.5,Internal stds_pos
Internal stds_pos,180821_Std_4uMStdsMix2InMatrix_3,"DL-Proline, D7",9.05,70869080,0,4814970,1.4,Internal stds_pos
Internal stds_pos,180821_Std_H2OInMatrix_1,"DL-Proline, D7",9.13,82575152,0,4893623,2.6,Internal stds_pos
Internal stds_pos,180821_Std_H2OInMatrix_2,"DL-Proline, D7",9.09,67227320,0,4270993,0.8,Internal stds_pos
Internal stds_pos,180821_Std_H2OInMatrix_3,"DL-Proline, D7",9.06,58492716,356714,3661545,1.5,Internal stds_pos
Internal stds_pos,180821_Blk_FilterBlank_1,"DL-Proline, D7",9,104081152,1002682,9996941,1,Internal stds_pos
Internal stds_pos,180821_Blk_MQBlk_1,"DL-Proline, D7",9.15,51042756,535054,4612555,2.4,Internal stds_pos
Internal stds_pos,180821_Blk_MQBlk_2,"DL-Proline, D7",9.13,56116068,219486,5323820,1.4,Internal stds_pos
Internal stds_pos,180821_Blk_MQBlk_3,"DL-Proline, D7",9.06,82925560,652805,7325012,1.4,Internal stds_pos
Internal stds_pos,180821_Blk_SWBlk_1,"DL-Proline, D7",9.2,44932488,437638,2837119,2.3,Internal stds_pos
Internal stds_pos,180821_Blk_SWBlk_2,"DL-Proline, D7",9.1,60309488,651021,4278718,1.6,Internal stds_pos
Internal stds_pos,180821_Blk_SWBlk_3,"DL-Proline, D7",9.05,64435224,665469,4249950,1.5,Internal stds_pos
Internal stds_pos,180821_Poo_Day1and2Poo_Full1,"DL-Proline, D7",9.17,67610936,541745,4071893,2.3,Internal stds_pos
Internal stds_pos,180821_Poo_Day1and2Poo_Full2,"DL-Proline, D7",9.15,38287844,289151,2339562,2,Internal stds_pos
Internal stds_pos,180821_Poo_Day1and2Poo_Full3,"DL-Proline, D7",9.14,55870744,784009,3818889,2.4,Internal stds_pos
Internal stds_pos,180821_Poo_Day1and2Poo_Full4,"DL-Proline, D7",9.11,54601800,200713,4002648,1.8,Internal stds_pos
Internal stds_pos,180821_Poo_Day1and2Poo_Full5,"DL-Proline, D7",9.06,55643180,553414,3744731,1.7,Internal stds_pos
Internal stds_pos,180821_Poo_Day1and2Poo_Full6,"DL-Proline, D7",9.05,60593664,389659,4014705,1.2,Internal stds_pos
Internal stds_pos,180821_Poo_Day1and2Poo_Half1,"DL-Proline, D7",9.16,35701140,286968,2715397,2.3,Internal stds_pos
Internal stds_pos,180821_Poo_Day1and2Poo_Half2,"DL-Proline, D7",9.19,21179076,190374,1537110,1.8,Internal stds_pos
Internal stds_pos,180821_Poo_Day1and2Poo_Half3,"DL-Proline, D7",9.13,30135800,327358,2324538,2.2,Internal stds_pos
Internal stds_pos,180821_Poo_Day1and2Poo_Half4,"DL-Proline, D7",9.14,27351122,266501,2110711,1.7,Internal stds_pos
Internal stds_pos,180821_Poo_Day1and2Poo_Half5,"DL-Proline, D7",9.08,30435014,285492,2137265,1.9,Internal stds_pos
Internal stds_pos,180821_Poo_Day1and2Poo_Half6,"DL-Proline, D7",9.08,32188144,329779,2350578,1.7,Internal stds_pos
Internal stds_pos,180821_Poo_MesoScopeQC_1,"DL-Proline, D7",9.15,36262544,0,1899834,2.2,Internal stds_pos
Internal stds_pos,180821_Poo_MesoScopeQC_2,"DL-Proline, D7",9.19,39622224,0,2180238,2,Internal stds_pos
Internal stds_pos,180821_Poo_MesoScopeQC_3,"DL-Proline, D7",9.23,51420672,0,3117296,2.4,Internal stds_pos
Internal stds_pos,180821_Poo_MesoScopeQC_4,"DL-Proline, D7",9.15,53480388,430917,3316215,1.5,Internal stds_pos
Internal stds_pos,180821_Poo_MesoScopeQC_5,"DL-Proline, D7",9.09,56571640,615485,3578169,1.9,Internal stds_pos
Internal stds_pos,180821_Poo_MesoScopeQC_6,"DL-Proline, D7",9.06,55599616,589850,3804404,1.9,Internal stds_pos
Internal stds_pos,180821_Smp_MS10C215m_A,"DL-Proline, D7",9.16,33573728,0,1798566,2.3,Internal stds_pos
Internal stds_pos,180821_Smp_MS10C215m_B,"DL-Proline, D7",9.05,59429856,505375,3936912,1.4,Internal stds_pos
Internal stds_pos,180821_Smp_MS10C215m_C,"DL-Proline, D7",9.11,55057436,397834,3811302,1.8,Internal stds_pos
Internal stds_pos,180821_Smp_MS10C2175m_A,"DL-Proline, D7",9.02,53483868,519280,3611565,1.5,Internal stds_pos
Internal stds_pos,180821_Smp_MS10C2175m_B,"DL-Proline, D7",9.05,61039800,468071,4112611,1.9,Internal stds_pos
Internal stds_pos,180821_Smp_MS10C2175m_C,"DL-Proline, D7",9.17,54753460,398605,3491362,2.2,Internal stds_pos
Internal stds_pos,180821_Smp_MS10C2DCM_A,"DL-Proline, D7",9.06,61758968,572214,4183403,2,Internal stds_pos
Internal stds_pos,180821_Smp_MS10C2DCM_B,"DL-Proline, D7",9,59139608,450365,4114689,1.3,Internal stds_pos
Internal stds_pos,180821_Smp_MS10C2DCM_C,"DL-Proline, D7",9.06,67719232,481338,4984148,1.8,Internal stds_pos
Internal stds_pos,180821_Smp_MS11C215m_A,"DL-Proline, D7",9.15,55496932,331074,3833990,2.3,Internal stds_pos
Internal stds_pos,180821_Smp_MS11C215m_B,"DL-Proline, D7",9.15,43148188,123904,2558399,2.1,Internal stds_pos
Internal stds_pos,180821_Smp_MS11C215m_C,"DL-Proline, D7",9.2,55529236,511711,3576811,2.3,Internal stds_pos
Internal stds_pos,180821_Smp_MS11C2175m_A,"DL-Proline, D7",9.06,69825664,729579,5159489,0.6,Internal stds_pos
Internal stds_pos,180821_Smp_MS11C2175m_B,"DL-Proline, D7",9.2,52971540,651045,3426786,2.2,Internal stds_pos
Internal stds_pos,180821_Smp_MS11C2175m_C,"DL-Proline, D7",9.13,64583652,463084,4984845,1.8,Internal stds_pos
Internal stds_pos,180821_Smp_MS11C2DCM_A,"DL-Proline, D7",9.08,54481400,367598,3910783,1,Internal stds_pos
Internal stds_pos,180821_Smp_MS11C2DCM_B,"DL-Proline, D7",9.19,35605948,43632,2132861,2.4,Internal stds_pos
Internal stds_pos,180821_Smp_MS11C2DCM_C,"DL-Proline, D7",9.05,61995396,658672,4148369,1.3,Internal stds_pos
Internal stds_pos,180821_Smp_MS12C115m_A,"DL-Proline, D7",9.1,65184500,487976,4152063,2,Internal stds_pos
Internal stds_pos,180821_Smp_MS12C115m_B,"DL-Proline, D7",9.02,68943856,242630,4439342,1.6,Internal stds_pos
Internal stds_pos,180821_Smp_MS12C115m_C,"DL-Proline, D7",9.1,52677532,591238,3760067,1.3,Internal stds_pos
Internal stds_pos,180821_Smp_MS12C1175m_A,"DL-Proline, D7",9.17,37381096,0,2351959,2.2,Internal stds_pos
Internal stds_pos,180821_Smp_MS12C1175m_B,"DL-Proline, D7",9.07,70248936,528080,4938132,1.8,Internal stds_pos
Internal stds_pos,180821_Smp_MS12C1175m_C,"DL-Proline, D7",9.14,57731220,400448,4241101,1.4,Internal stds_pos
Internal stds_pos,180821_Smp_MS12C1DCM_A,"DL-Proline, D7",9.14,41491704,447698,2684008,2.3,Internal stds_pos
Internal stds_pos,180821_Smp_MS12C1DCM_B,"DL-Proline, D7",9.11,51343232,523445,3571044,1.1,Internal stds_pos
Internal stds_pos,180821_Smp_MS12C1DCM_C,"DL-Proline, D7",9.06,52865312,366438,3676535,1,Internal stds_pos
Internal stds_pos,180821_Smp_MS13C2175m_A,"DL-Proline, D7",9.17,43791944,0,2697466,2.1,Internal stds_pos
Internal stds_pos,180821_Smp_MS13C2175m_B,"DL-Proline, D7",9.14,55601968,361427,3819459,2.3,Internal stds_pos
Internal stds_pos,180821_Smp_MS13C2175m_C,"DL-Proline, D7",9.09,58777120,546129,3939507,1.8,Internal stds_pos
Internal stds_pos,180821_Smp_MS13C2DCM_A,"DL-Proline, D7",9.14,56102056,503723,3803782,2.1,Internal stds_pos
Internal stds_pos,180821_Smp_MS13C2DCM_B,"DL-Proline, D7",9.15,63053076,554034,4465578,1.7,Internal stds_pos
Internal stds_pos,180821_Smp_MS13C2DCM_C,"DL-Proline, D7",9.12,58190688,358995,4136336,2,Internal stds_pos
Internal stds_pos,180821_Smp_MS13C315m_A,"DL-Proline, D7",9.05,43031840,467277,2985373,1,Internal stds_pos
Internal stds_pos,180821_Smp_MS13C315m_B,"DL-Proline, D7",9.15,39185096,232588,2445817,1.6,Internal stds_pos
Internal stds_pos,180821_Smp_MS13C315m_C,"DL-Proline, D7",9.06,49663120,614714,3592876,1.1,Internal stds_pos
Internal stds_pos,180821_Smp_MS14C215m_A,"DL-Proline, D7",9.08,61009520,384689,4003091,1.3,Internal stds_pos
Internal stds_pos,180821_Smp_MS14C215m_B,"DL-Proline, D7",9.17,60943528,444002,4246924,1.7,Internal stds_pos
Internal stds_pos,180821_Smp_MS14C215m_C,"DL-Proline, D7",9.14,52642796,571795,3759961,1.8,Internal stds_pos
Internal stds_pos,180821_Smp_MS14C2175m_A,"DL-Proline, D7",9.15,53251140,641599,3822333,1.8,Internal stds_pos
Internal stds_pos,180821_Smp_MS14C2175m_B,"DL-Proline, D7",9.11,62592980,360262,4323798,1.6,Internal stds_pos
Internal stds_pos,180821_Smp_MS14C2175m_C,"DL-Proline, D7",9.15,38147796,94141,2441467,1.9,Internal stds_pos
Internal stds_pos,180821_Smp_MS14C2DCM_A,"DL-Proline, D7",9.15,37959620,161190,2294502,1.9,Internal stds_pos
Internal stds_pos,180821_Smp_MS14C2DCM_B,"DL-Proline, D7",9.09,70518360,280215,4848992,1.6,Internal stds_pos
Internal stds_pos,180821_Smp_MS14C2DCM_C,"DL-Proline, D7",9.11,116596288,0,7212110,1.6,Internal stds_pos
Internal stds_pos,180821_Smp_MS4C115m_A,"DL-Proline, D7",9.16,62118404,312841,3408304,2.3,Internal stds_pos
Internal stds_pos,180821_Smp_MS4C115m_B,"DL-Proline, D7",9.04,66733608,527509,4454861,1.9,Internal stds_pos
Internal stds_pos,180821_Smp_MS4C115m_C,"DL-Proline, D7",9.03,54379128,14551,3515162,1.5,Internal stds_pos
Internal stds_pos,180821_Smp_MS4C1175m_A,"DL-Proline, D7",9.15,40187092,0,2351718,2.3,Internal stds_pos
Internal stds_pos,180821_Smp_MS4C1175m_B,"DL-Proline, D7",9.17,55766092,322731,3676479,2.4,Internal stds_pos
Internal stds_pos,180821_Smp_MS4C1175m_C,"DL-Proline, D7",9.08,43658748,66919,3036687,0.8,Internal stds_pos
Internal stds_pos,180821_Smp_MS4C1DCM_A,"DL-Proline, D7",9.15,58166400,106640,3804586,2.5,Internal stds_pos
Internal stds_pos,180821_Smp_MS4C1DCM_B,"DL-Proline, D7",9.19,38599988,330134,2422230,1.8,Internal stds_pos
Internal stds_pos,180821_Smp_MS4C1DCM_C,"DL-Proline, D7",9.12,54651768,636561,3877686,1.6,Internal stds_pos
Internal stds_pos,180821_Smp_MS5C115m_A,"DL-Proline, D7",9.07,50790848,581463,3679639,0.4,Internal stds_pos
Internal stds_pos,180821_Smp_MS5C115m_B,"DL-Proline, D7",9.17,51509812,43643,3226270,2.1,Internal stds_pos
Internal stds_pos,180821_Smp_MS5C115m_C,"DL-Proline, D7",9.11,57689280,384161,3847304,1.7,Internal stds_pos
Internal stds_pos,180821_Smp_MS5C1175m_A,"DL-Proline, D7",9.18,41641120,195282,2670026,2,Internal stds_pos
Internal stds_pos,180821_Smp_MS5C1175m_B,"DL-Proline, D7",9.11,54272356,376963,3828391,1.8,Internal stds_pos
Internal stds_pos,180821_Smp_MS5C1175m_C,"DL-Proline, D7",9.03,54755208,620575,3584940,1.4,Internal stds_pos
Internal stds_pos,180821_Smp_MS5C1DCM_A,"DL-Proline, D7",9.06,77293848,598133,5727450,0.8,Internal stds_pos
Internal stds_pos,180821_Smp_MS5C1DCM_B,"DL-Proline, D7",9.15,64314736,0,3582539,1.9,Internal stds_pos
Internal stds_pos,180821_Smp_MS5C1DCM_C,"DL-Proline, D7",9.08,78713248,600982,5783863,1.4,Internal stds_pos
Internal stds_pos,180821_Smp_MS6C315m_A,"DL-Proline, D7",9.12,53185952,602237,3442648,2.1,Internal stds_pos
Internal stds_pos,180821_Smp_MS6C315m_B,"DL-Proline, D7",9.2,59120808,583244,4012561,1.9,Internal stds_pos
Internal stds_pos,180821_Smp_MS6C315m_C,"DL-Proline, D7",9.13,62431600,440519,4387342,1.9,Internal stds_pos
Internal stds_pos,180821_Smp_MS6C3175m_A,"DL-Proline, D7",9.05,55660900,154953,3714820,1.7,Internal stds_pos
Internal stds_pos,180821_Smp_MS6C3175m_B,"DL-Proline, D7",9.04,65129216,430148,4411528,1.9,Internal stds_pos
Internal stds_pos,180821_Smp_MS6C3175m_C,"DL-Proline, D7",9.17,63100604,0,3625377,2.2,Internal stds_pos
Internal stds_pos,180821_Smp_MS6C3DCM_A,"DL-Proline, D7",9.16,52539332,0,3159746,2.2,Internal stds_pos
Internal stds_pos,180821_Smp_MS6C3DCM_B,"DL-Proline, D7",9.14,54177148,0,3433109,2.1,Internal stds_pos
Internal stds_pos,180821_Smp_MS6C3DCM_C,"DL-Proline, D7",9.06,78187632,328385,5347973,0.9,Internal stds_pos
Internal stds_pos,180821_Smp_MS7C115m_A,"DL-Proline, D7",9.14,51491112,435789,3686518,1.3,Internal stds_pos
Internal stds_pos,180821_Smp_MS7C115m_B,"DL-Proline, D7",9.17,63540748,0,3640308,2.4,Internal stds_pos
Internal stds_pos,180821_Smp_MS7C115m_C,"DL-Proline, D7",9.12,56541604,431668,4043984,1.4,Internal stds_pos
Internal stds_pos,180821_Smp_MS7C1175m_A,"DL-Proline, D7",9.11,60281540,391025,4061042,1.6,Internal stds_pos
Internal stds_pos,180821_Smp_MS7C1175m_B,"DL-Proline, D7",9.15,48684344,0,2866837,2.4,Internal stds_pos
Internal stds_pos,180821_Smp_MS7C1175m_C,"DL-Proline, D7",9.22,56003948,367879,3658934,2.5,Internal stds_pos
Internal stds_pos,180821_Smp_MS7C1DCM_A,"DL-Proline, D7",9.14,55325240,335836,3760826,1.6,Internal stds_pos
Internal stds_pos,180821_Smp_MS7C1DCM_B,"DL-Proline, D7",9.12,56905300,394313,4046203,1.5,Internal stds_pos
Internal stds_pos,180821_Smp_MS7C1DCM_C,"DL-Proline, D7",9.07,47364380,977,3262015,1.1,Internal stds_pos
Internal stds_pos,180821_Smp_MS8C115m_A,"DL-Proline, D7",9.13,60092280,444760,4350854,2,Internal stds_pos
Internal stds_pos,180821_Smp_MS8C115m_B,"DL-Proline, D7",9.15,56098260,0,3505772,2.1,Internal stds_pos
Internal stds_pos,180821_Smp_MS8C115m_C,"DL-Proline, D7",9.05,65589700,605522,4408889,1.6,Internal stds_pos
Internal stds_pos,180821_Smp_MS8C1175m_A,"DL-Proline, D7",9.03,63150808,551292,4154247,1.3,Internal stds_pos
Internal stds_pos,180821_Smp_MS8C1175m_B,"DL-Proline, D7",9.06,116961184,577140,7996908,1.7,Internal stds_pos
Internal stds_pos,180821_Smp_MS8C1175m_C,"DL-Proline, D7",9.02,73442528,876824,5084825,1.7,Internal stds_pos
Internal stds_pos,180821_Smp_MS8C1DCM_A,"DL-Proline, D7",9.06,54986364,449456,3699913,1.2,Internal stds_pos
Internal stds_pos,180821_Smp_MS8C1DCM_B,"DL-Proline, D7",9.06,78714848,764287,5310568,1.3,Internal stds_pos
Internal stds_pos,180821_Smp_MS8C1DCM_C,"DL-Proline, D7",9.19,40885920,10768,2610696,2.2,Internal stds_pos
Internal stds_pos,180821_Smp_MS9C215m_A,"DL-Proline, D7",9.14,50722108,583990,3579754,1.7,Internal stds_pos
Internal stds_pos,180821_Smp_MS9C215m_B,"DL-Proline, D7",9.04,57616408,542557,4027415,1.4,Internal stds_pos
Internal stds_pos,180821_Smp_MS9C215m_C,"DL-Proline, D7",9.14,49306012,297057,3093756,2.1,Internal stds_pos
Internal stds_pos,180821_Smp_MS9C2175m_A,"DL-Proline, D7",9.05,63383128,745328,4490121,1.5,Internal stds_pos
Internal stds_pos,180821_Smp_MS9C2175m_B,"DL-Proline, D7",9.22,57513136,694737,3708118,2.3,Internal stds_pos
Internal stds_pos,180821_Smp_MS9C2175m_C,"DL-Proline, D7",9.15,36152488,286790,2042380,2.2,Internal stds_pos
Internal stds_pos,180821_Smp_MS9C2DCM_A,"DL-Proline, D7",9.07,79163768,514737,5480791,1.7,Internal stds_pos
Internal stds_pos,180821_Smp_MS9C2DCM_B,"DL-Proline, D7",9.23,55047436,0,3189747,2.4,Internal stds_pos
Internal stds_pos,180821_Smp_MS9C2DCM_C,"DL-Proline, D7",9.04,80499360,599004,5758159,1.5,Internal stds_pos
Internal stds_pos,180821_Std_4uMStdsMix1InH2O_1,"DL-Valine, D8",8.97,0,0,0,#N/A,Internal stds_pos
Internal stds_pos,180821_Std_4uMStdsMix1InH2O_2,"DL-Valine, D8",8.84,0,0,0,#N/A,Internal stds_pos
Internal stds_pos,180821_Std_4uMStdsMix1InH2O_3,"DL-Valine, D8",8.86,0,0,0,#N/A,Internal stds_pos
Internal stds_pos,180821_Std_4uMStdsMix1InMatrix_1,"DL-Valine, D8",8.74,14416984,0,714295,1.4,Internal stds_pos
Internal stds_pos,180821_Std_4uMStdsMix1InMatrix_2,"DL-Valine, D8",8.66,16673886,0,577544,0.5,Internal stds_pos
Internal stds_pos,180821_Std_4uMStdsMix1InMatrix_3,"DL-Valine, D8",8.47,22878896,0,601941,0.8,Internal stds_pos
Internal stds_pos,180821_Std_4uMStdsMix2InH2O_1,"DL-Valine, D8",8.89,0,0,0,#N/A,Internal stds_pos
Internal stds_pos,180821_Std_4uMStdsMix2InH2O_2,"DL-Valine, D8",8.92,0,0,0,#N/A,Internal stds_pos
Internal stds_pos,180821_Std_4uMStdsMix2InH2O_3,"DL-Valine, D8",8.87,0,0,0,#N/A,Internal stds_pos
Internal stds_pos,180821_Std_4uMStdsMix2InMatrix_1,"DL-Valine, D8",8.75,15309996,0,708799,1.9,Internal stds_pos
Internal stds_pos,180821_Std_4uMStdsMix2InMatrix_2,"DL-Valine, D8",8.42,16054178,0,537763,-0.3,Internal stds_pos
Internal stds_pos,180821_Std_4uMStdsMix2InMatrix_3,"DL-Valine, D8",8.12,23900194,0,700473,0.8,Internal stds_pos
Internal stds_pos,180821_Std_H2OInMatrix_1,"DL-Valine, D8",8.76,15096031,0,685605,1.7,Internal stds_pos
Internal stds_pos,180821_Std_H2OInMatrix_2,"DL-Valine, D8",8.69,15005717,0,513000,0.1,Internal stds_pos
Internal stds_pos,180821_Std_H2OInMatrix_3,"DL-Valine, D8",8.33,21675464,0,608190,0.6,Internal stds_pos
Internal stds_pos,180821_Blk_FilterBlank_1,"DL-Valine, D8",8.19,23081920,32761,1416723,0.5,Internal stds_pos
Internal stds_pos,180821_Blk_MQBlk_1,"DL-Valine, D8",8.8,9733525,0,822613,1.7,Internal stds_pos
Internal stds_pos,180821_Blk_MQBlk_2,"DL-Valine, D8",8.7,11382506,0,970118,0.8,Internal stds_pos
Internal stds_pos,180821_Blk_MQBlk_3,"DL-Valine, D8",8.41,18930354,134283,1313215,0.8,Internal stds_pos
Internal stds_pos,180821_Blk_SWBlk_1,"DL-Valine, D8",8.78,9302441,0,457010,1.6,Internal stds_pos
Internal stds_pos,180821_Blk_SWBlk_2,"DL-Valine, D8",8.65,11863735,0,531707,0.9,Internal stds_pos
Internal stds_pos,180821_Blk_SWBlk_3,"DL-Valine, D8",8.56,19076038,0,660853,0.8,Internal stds_pos
Internal stds_pos,180821_Poo_Day1and2Poo_Full1,"DL-Valine, D8",8.79,12839635,0,618038,1.7,Internal stds_pos
Internal stds_pos,180821_Poo_Day1and2Poo_Full2,"DL-Valine, D8",8.79,7532536,0,382444,1.5,Internal stds_pos
Internal stds_pos,180821_Poo_Day1and2Poo_Full3,"DL-Valine, D8",8.68,10294584,0,478353,1.6,Internal stds_pos
Internal stds_pos,180821_Poo_Day1and2Poo_Full4,"DL-Valine, D8",8.6,10225439,0,439561,1.2,Internal stds_pos
Internal stds_pos,180821_Poo_Day1and2Poo_Full5,"DL-Valine, D8",8.56,16996702,0,581954,1.1,Internal stds_pos
Internal stds_pos,180821_Poo_Day1and2Poo_Full6,"DL-Valine, D8",8.54,18991950,0,581863,0.8,Internal stds_pos
Internal stds_pos,180821_Poo_Day1and2Poo_Half1,"DL-Valine, D8",8.83,6476808,0,347084,1.8,Internal stds_pos
Internal stds_pos,180821_Poo_Day1and2Poo_Half2,"DL-Valine, D8",8.79,4271041,0,242484,1.2,Internal stds_pos
Internal stds_pos,180821_Poo_Day1and2Poo_Half3,"DL-Valine, D8",8.7,5341339,0,259872,1.6,Internal stds_pos
Internal stds_pos,180821_Poo_Day1and2Poo_Half4,"DL-Valine, D8",8.68,5343681,0,241027,1.1,Internal stds_pos
Internal stds_pos,180821_Poo_Day1and2Poo_Half5,"DL-Valine, D8",8.56,9425678,0,383690,1.2,Internal stds_pos
Internal stds_pos,180821_Poo_Day1and2Poo_Half6,"DL-Valine, D8",8.45,10291177,0,395041,0.9,Internal stds_pos
Internal stds_pos,180821_Poo_MesoScopeQC_1,"DL-Valine, D8",8.79,6964615,0,319654,1.5,Internal stds_pos
Internal stds_pos,180821_Poo_MesoScopeQC_2,"DL-Valine, D8",8.8,7454057,0,354138,1.4,Internal stds_pos
Internal stds_pos,180821_Poo_MesoScopeQC_3,"DL-Valine, D8",8.7,9651470,0,438161,1.7,Internal stds_pos
Internal stds_pos,180821_Poo_MesoScopeQC_4,"DL-Valine, D8",8.71,10307024,0,432512,1,Internal stds_pos
Internal stds_pos,180821_Poo_MesoScopeQC_5,"DL-Valine, D8",8.57,17348572,0,632438,1.2,Internal stds_pos
Internal stds_pos,180821_Poo_MesoScopeQC_6,"DL-Valine, D8",8.53,18461304,0,571375,1,Internal stds_pos
Internal stds_pos,180821_Smp_MS10C215m_A,"DL-Valine, D8",8.82,7058034,0,348266,1.7,Internal stds_pos
Internal stds_pos,180821_Smp_MS10C215m_B,"DL-Valine, D8",8.36,21243574,0,630422,0.6,Internal stds_pos
Internal stds_pos,180821_Smp_MS10C215m_C,"DL-Valine, D8",8.6,10161653,0,462125,1,Internal stds_pos
Internal stds_pos,180821_Smp_MS10C2175m_A,"DL-Valine, D8",8.38,19885040,0,581506,0.8,Internal stds_pos
Internal stds_pos,180821_Smp_MS10C2175m_B,"DL-Valine, D8",8.59,18635432,0,708540,1.2,Internal stds_pos
Internal stds_pos,180821_Smp_MS10C2175m_C,"DL-Valine, D8",8.79,10931544,0,550807,1.5,Internal stds_pos
Internal stds_pos,180821_Smp_MS10C2DCM_A,"DL-Valine, D8",8.59,18686598,0,672738,1.4,Internal stds_pos
Internal stds_pos,180821_Smp_MS10C2DCM_B,"DL-Valine, D8",8.33,20866712,0,667892,0.7,Internal stds_pos
Internal stds_pos,180821_Smp_MS10C2DCM_C,"DL-Valine, D8",8.56,18871452,42873,701486,1.2,Internal stds_pos
Internal stds_pos,180821_Smp_MS11C215m_A,"DL-Valine, D8",8.71,10336786,0,521944,1.7,Internal stds_pos
Internal stds_pos,180821_Smp_MS11C215m_B,"DL-Valine, D8",8.76,8560027,0,412630,1.6,Internal stds_pos
Internal stds_pos,180821_Smp_MS11C215m_C,"DL-Valine, D8",8.76,10726602,0,503360,1.8,Internal stds_pos
Internal stds_pos,180821_Smp_MS11C2175m_A,"DL-Valine, D8",8.66,14252515,201078,501093,-0.2,Internal stds_pos
Internal stds_pos,180821_Smp_MS11C2175m_B,"DL-Valine, D8",8.76,10741285,0,559314,1.6,Internal stds_pos
Internal stds_pos,180821_Smp_MS11C2175m_C,"DL-Valine, D8",8.7,11443740,62106,536647,1,Internal stds_pos
Internal stds_pos,180821_Smp_MS11C2DCM_A,"DL-Valine, D8",8.64,14111012,0,508075,0.3,Internal stds_pos
Internal stds_pos,180821_Smp_MS11C2DCM_B,"DL-Valine, D8",8.82,7428878,0,385457,1.8,Internal stds_pos
Internal stds_pos,180821_Smp_MS11C2DCM_C,"DL-Valine, D8",8.63,17761670,0,612764,0.7,Internal stds_pos
Internal stds_pos,180821_Smp_MS12C115m_A,"DL-Valine, D8",8.32,18815072,8921,684975,1.1,Internal stds_pos
Internal stds_pos,180821_Smp_MS12C115m_B,"DL-Valine, D8",8.38,22167158,0,699334,0.9,Internal stds_pos
Internal stds_pos,180821_Smp_MS12C115m_C,"DL-Valine, D8",8.62,14045727,0,533097,0.7,Internal stds_pos
Internal stds_pos,180821_Smp_MS12C1175m_A,"DL-Valine, D8",8.82,7854680,0,399927,1.6,Internal stds_pos
Internal stds_pos,180821_Smp_MS12C1175m_B,"DL-Valine, D8",8.59,19700424,0,727672,1.2,Internal stds_pos
Internal stds_pos,180821_Smp_MS12C1175m_C,"DL-Valine, D8",8.7,10484761,0,454175,1,Internal stds_pos
Internal stds_pos,180821_Smp_MS12C1DCM_A,"DL-Valine, D8",8.8,8446576,0,424424,1.7,Internal stds_pos
Internal stds_pos,180821_Smp_MS12C1DCM_B,"DL-Valine, D8",8.6,14681314,0,597849,0.5,Internal stds_pos
Internal stds_pos,180821_Smp_MS12C1DCM_C,"DL-Valine, D8",8.64,14215347,102744,553782,0.3,Internal stds_pos
Internal stds_pos,180821_Smp_MS13C2175m_A,"DL-Valine, D8",8.79,8641874,0,461090,1.4,Internal stds_pos
Internal stds_pos,180821_Smp_MS13C2175m_B,"DL-Valine, D8",8.73,11127543,0,549445,1.4,Internal stds_pos
Internal stds_pos,180821_Smp_MS13C2175m_C,"DL-Valine, D8",8.68,10952650,0,507302,1.2,Internal stds_pos
Internal stds_pos,180821_Smp_MS13C2DCM_A,"DL-Valine, D8",8.73,10686804,0,509931,1.5,Internal stds_pos
Internal stds_pos,180821_Smp_MS13C2DCM_B,"DL-Valine, D8",8.65,11259767,0,503087,1.1,Internal stds_pos
Internal stds_pos,180821_Smp_MS13C2DCM_C,"DL-Valine, D8",8.6,10840834,0,459165,1.3,Internal stds_pos
Internal stds_pos,180821_Smp_MS13C315m_A,"DL-Valine, D8",8.65,13462098,49585,552756,0.3,Internal stds_pos
Internal stds_pos,180821_Smp_MS13C315m_B,"DL-Valine, D8",8.82,8116798,0,412571,1,Internal stds_pos
Internal stds_pos,180821_Smp_MS13C315m_C,"DL-Valine, D8",8.62,13119832,0,485919,0.3,Internal stds_pos
Internal stds_pos,180821_Smp_MS14C215m_A,"DL-Valine, D8",8.41,21074960,0,645524,0.7,Internal stds_pos
Internal stds_pos,180821_Smp_MS14C215m_B,"DL-Valine, D8",8.68,11191761,0,498847,1,Internal stds_pos
Internal stds_pos,180821_Smp_MS14C215m_C,"DL-Valine, D8",8.62,10023731,0,434636,1.2,Internal stds_pos
Internal stds_pos,180821_Smp_MS14C2175m_A,"DL-Valine, D8",8.65,10258707,0,458432,1,Internal stds_pos
Internal stds_pos,180821_Smp_MS14C2175m_B,"DL-Valine, D8",8.53,18588132,0,722787,1,Internal stds_pos
Internal stds_pos,180821_Smp_MS14C2175m_C,"DL-Valine, D8",8.77,7506017,0,382439,1.3,Internal stds_pos
Internal stds_pos,180821_Smp_MS14C2DCM_A,"DL-Valine, D8",8.8,7636884,0,401767,1.3,Internal stds_pos
Internal stds_pos,180821_Smp_MS14C2DCM_B,"DL-Valine, D8",8.42,24117736,0,849166,1.1,Internal stds_pos
Internal stds_pos,180821_Smp_MS14C2DCM_C,"DL-Valine, D8",8.64,22221704,0,852738,0.9,Internal stds_pos
Internal stds_pos,180821_Smp_MS4C115m_A,"DL-Valine, D8",8.78,11828572,0,555876,1.5,Internal stds_pos
Internal stds_pos,180821_Smp_MS4C115m_B,"DL-Valine, D8",8.56,18202008,0,675021,1.2,Internal stds_pos
Internal stds_pos,180821_Smp_MS4C115m_C,"DL-Valine, D8",8.41,19767164,0,567857,0.8,Internal stds_pos
Internal stds_pos,180821_Smp_MS4C1175m_A,"DL-Valine, D8",8.75,7721649,0,382216,1.6,Internal stds_pos
Internal stds_pos,180821_Smp_MS4C1175m_B,"DL-Valine, D8",8.71,10534487,0,490483,1.7,Internal stds_pos
Internal stds_pos,180821_Smp_MS4C1175m_C,"DL-Valine, D8",8.5,12624807,0,457015,0.3,Internal stds_pos
Internal stds_pos,180821_Smp_MS4C1DCM_A,"DL-Valine, D8",8.74,10906912,0,536621,1.8,Internal stds_pos
Internal stds_pos,180821_Smp_MS4C1DCM_B,"DL-Valine, D8",8.85,7797922,0,384946,1.1,Internal stds_pos
Internal stds_pos,180821_Smp_MS4C1DCM_C,"DL-Valine, D8",8.62,10342012,0,496215,1.1,Internal stds_pos
Internal stds_pos,180821_Smp_MS5C115m_A,"DL-Valine, D8",8.64,13426161,0,501438,-0.3,Internal stds_pos
Internal stds_pos,180821_Smp_MS5C115m_B,"DL-Valine, D8",8.79,9945429,114164,482478,1.4,Internal stds_pos
Internal stds_pos,180821_Smp_MS5C115m_C,"DL-Valine, D8",8.67,10657983,0,475551,1,Internal stds_pos
Internal stds_pos,180821_Smp_MS5C1175m_A,"DL-Valine, D8",8.8,8609253,0,441625,1.3,Internal stds_pos
Internal stds_pos,180821_Smp_MS5C1175m_B,"DL-Valine, D8",8.67,10512587,0,481905,1.4,Internal stds_pos
Internal stds_pos,180821_Smp_MS5C1175m_C,"DL-Valine, D8",8.34,20659026,0,623998,0.8,Internal stds_pos
Internal stds_pos,180821_Smp_MS5C1DCM_A,"DL-Valine, D8",8.65,15183336,0,592704,0.3,Internal stds_pos
Internal stds_pos,180821_Smp_MS5C1DCM_B,"DL-Valine, D8",8.84,11956104,0,589827,1.4,Internal stds_pos
Internal stds_pos,180821_Smp_MS5C1DCM_C,"DL-Valine, D8",8.39,24840632,0,833891,0.9,Internal stds_pos
Internal stds_pos,180821_Smp_MS6C315m_A,"DL-Valine, D8",8.76,9853080,99033,501261,1.4,Internal stds_pos
Internal stds_pos,180821_Smp_MS6C315m_B,"DL-Valine, D8",8.67,10626099,0,515931,1.1,Internal stds_pos
Internal stds_pos,180821_Smp_MS6C315m_C,"DL-Valine, D8",8.67,10763587,58308,486381,1.3,Internal stds_pos
Internal stds_pos,180821_Smp_MS6C3175m_A,"DL-Valine, D8",8.26,20618774,0,579861,0.9,Internal stds_pos
Internal stds_pos,180821_Smp_MS6C3175m_B,"DL-Valine, D8",8.55,18298762,0,658972,1.2,Internal stds_pos
Internal stds_pos,180821_Smp_MS6C3175m_C,"DL-Valine, D8",8.85,12439045,0,627852,1.5,Internal stds_pos
Internal stds_pos,180821_Smp_MS6C3DCM_A,"DL-Valine, D8",8.78,10033737,0,477893,1.6,Internal stds_pos
Internal stds_pos,180821_Smp_MS6C3DCM_B,"DL-Valine, D8",8.77,10384198,0,528514,1.4,Internal stds_pos
Internal stds_pos,180821_Smp_MS6C3DCM_C,"DL-Valine, D8",8.66,15715095,0,525726,0.3,Internal stds_pos
Internal stds_pos,180821_Smp_MS7C115m_A,"DL-Valine, D8",8.68,10238014,0,455303,0.8,Internal stds_pos
Internal stds_pos,180821_Smp_MS7C115m_B,"DL-Valine, D8",8.84,12247942,0,593840,1.7,Internal stds_pos
Internal stds_pos,180821_Smp_MS7C115m_C,"DL-Valine, D8",8.68,9861008,0,436616,0.9,Internal stds_pos
Internal stds_pos,180821_Smp_MS7C1175m_A,"DL-Valine, D8",8.65,10714090,34295,510490,0.9,Internal stds_pos
Internal stds_pos,180821_Smp_MS7C1175m_B,"DL-Valine, D8",8.77,8943471,0,436372,1.7,Internal stds_pos
Internal stds_pos,180821_Smp_MS7C1175m_C,"DL-Valine, D8",8.76,10591708,0,501188,1.8,Internal stds_pos
Internal stds_pos,180821_Smp_MS7C1DCM_A,"DL-Valine, D8",8.63,10074325,0,502255,0.8,Internal stds_pos
Internal stds_pos,180821_Smp_MS7C1DCM_B,"DL-Valine, D8",8.7,10762746,0,507603,0.9,Internal stds_pos
Internal stds_pos,180821_Smp_MS7C1DCM_C,"DL-Valine, D8",8.55,12936175,0,485872,0.5,Internal stds_pos
Internal stds_pos,180821_Smp_MS8C115m_A,"DL-Valine, D8",8.67,11224997,0,520930,1.4,Internal stds_pos
Internal stds_pos,180821_Smp_MS8C115m_B,"DL-Valine, D8",8.77,10488974,0,500525,1.6,Internal stds_pos
Internal stds_pos,180821_Smp_MS8C115m_C,"DL-Valine, D8",8.48,19996720,0,636647,0.9,Internal stds_pos
Internal stds_pos,180821_Smp_MS8C1175m_A,"DL-Valine, D8",8.26,22426320,0,718217,0.8,Internal stds_pos
Internal stds_pos,180821_Smp_MS8C1175m_B,"DL-Valine, D8",8.51,35734680,288900,1263550,0.9,Internal stds_pos
Internal stds_pos,180821_Smp_MS8C1175m_C,"DL-Valine, D8",8.44,23312930,28230,780651,0.8,Internal stds_pos
Internal stds_pos,180821_Smp_MS8C1DCM_A,"DL-Valine, D8",8.33,20459006,0,604485,0.5,Internal stds_pos
Internal stds_pos,180821_Smp_MS8C1DCM_B,"DL-Valine, D8",8.4,24855018,0,847990,0.6,Internal stds_pos
Internal stds_pos,180821_Smp_MS8C1DCM_C,"DL-Valine, D8",8.83,8376692,0,407377,1.5,Internal stds_pos
Internal stds_pos,180821_Smp_MS9C215m_A,"DL-Valine, D8",8.68,10160824,0,443251,0.9,Internal stds_pos
Internal stds_pos,180821_Smp_MS9C215m_B,"DL-Valine, D8",8.39,20688800,0,603507,0.6,Internal stds_pos
Internal stds_pos,180821_Smp_MS9C215m_C,"DL-Valine, D8",8.76,9712748,0,469169,1.5,Internal stds_pos
Internal stds_pos,180821_Smp_MS9C2175m_A,"DL-Valine, D8",8.48,20296682,139620,680142,0.9,Internal stds_pos
Internal stds_pos,180821_Smp_MS9C2175m_B,"DL-Valine, D8",8.74,10492545,0,539399,1.7,Internal stds_pos
Internal stds_pos,180821_Smp_MS9C2175m_C,"DL-Valine, D8",8.82,8163632,0,417949,1.5,Internal stds_pos
Internal stds_pos,180821_Smp_MS9C2DCM_A,"DL-Valine, D8",8.34,25573494,13121,837781,0.9,Internal stds_pos
Internal stds_pos,180821_Smp_MS9C2DCM_B,"DL-Valine, D8",8.75,9861068,0,478507,1.6,Internal stds_pos
Internal stds_pos,180821_Smp_MS9C2DCM_C,"DL-Valine, D8",8.38,24801938,113402,829360,0.7,Internal stds_pos
Internal stds_pos,180821_Std_4uMStdsMix1InH2O_1,"L-Isoleucine, 15N",7.99,0,0,0,#N/A,Internal stds_pos
Internal stds_pos,180821_Std_4uMStdsMix1InH2O_2,"L-Isoleucine, 15N",7.94,0,0,0,#N/A,Internal stds_pos
Internal stds_pos,180821_Std_4uMStdsMix1InH2O_3,"L-Isoleucine, 15N",7.97,0,0,0,#N/A,Internal stds_pos
Internal stds_pos,180821_Std_4uMStdsMix1InMatrix_1,"L-Isoleucine, 15N",7.57,9207912,0,499011,1.3,Internal stds_pos
Internal stds_pos,180821_Std_4uMStdsMix1InMatrix_2,"L-Isoleucine, 15N",7.21,9937693,0,634929,0.1,Internal stds_pos
Internal stds_pos,180821_Std_4uMStdsMix1InMatrix_3,"L-Isoleucine, 15N",7.01,14755979,0,605440,1.3,Internal stds_pos
Internal stds_pos,180821_Std_4uMStdsMix2InH2O_1,"L-Isoleucine, 15N",7.81,0,0,0,#N/A,Internal stds_pos
Internal stds_pos,180821_Std_4uMStdsMix2InH2O_2,"L-Isoleucine, 15N",7.96,0,0,0,#N/A,Internal stds_pos
Internal stds_pos,180821_Std_4uMStdsMix2InH2O_3,"L-Isoleucine, 15N",8,0,0,0,#N/A,Internal stds_pos
Internal stds_pos,180821_Std_4uMStdsMix2InMatrix_1,"L-Isoleucine, 15N",7.59,11032974,0,597077,1.9,Internal stds_pos
Internal stds_pos,180821_Std_4uMStdsMix2InMatrix_2,"L-Isoleucine, 15N",7.24,11345948,0,657117,-0.3,Internal stds_pos
Internal stds_pos,180821_Std_4uMStdsMix2InMatrix_3,"L-Isoleucine, 15N",6.94,14110683,0,641482,0.8,Internal stds_pos
Internal stds_pos,180821_Std_H2OInMatrix_1,"L-Isoleucine, 15N",7.55,9258410,0,501752,1.6,Internal stds_pos
Internal stds_pos,180821_Std_H2OInMatrix_2,"L-Isoleucine, 15N",7.21,9699273,0,570149,-0.3,Internal stds_pos
Internal stds_pos,180821_Std_H2OInMatrix_3,"L-Isoleucine, 15N",6.85,13465418,0,591842,1,Internal stds_pos
Internal stds_pos,180821_Blk_FilterBlank_1,"L-Isoleucine, 15N",6.94,15661572,0,930566,0.9,Internal stds_pos
Internal stds_pos,180821_Blk_MQBlk_1,"L-Isoleucine, 15N",7.6,6448032,31723,471805,2,Internal stds_pos
Internal stds_pos,180821_Blk_MQBlk_2,"L-Isoleucine, 15N",7.48,7674803,0,556899,1.1,Internal stds_pos
Internal stds_pos,180821_Blk_MQBlk_3,"L-Isoleucine, 15N",7.2,12224090,0,774280,1.3,Internal stds_pos
Internal stds_pos,180821_Blk_SWBlk_1,"L-Isoleucine, 15N",7.63,6748761,0,375467,2,Internal stds_pos
Internal stds_pos,180821_Blk_SWBlk_2,"L-Isoleucine, 15N",7.51,8719782,0,515166,1.5,Internal stds_pos
Internal stds_pos,180821_Blk_SWBlk_3,"L-Isoleucine, 15N",7.18,13156067,0,662377,1.1,Internal stds_pos
Internal stds_pos,180821_Poo_Day1and2Poo_Full1,"L-Isoleucine, 15N",7.6,8063171,0,455417,1.8,Internal stds_pos
Internal stds_pos,180821_Poo_Day1and2Poo_Full2,"L-Isoleucine, 15N",7.61,5939266,0,334133,1.4,Internal stds_pos
Internal stds_pos,180821_Poo_Day1and2Poo_Full3,"L-Isoleucine, 15N",7.52,7060993,0,421332,1.5,Internal stds_pos
Internal stds_pos,180821_Poo_Day1and2Poo_Full4,"L-Isoleucine, 15N",7.43,6979789,77851,388013,0.6,Internal stds_pos
Internal stds_pos,180821_Poo_Day1and2Poo_Full5,"L-Isoleucine, 15N",7.18,11725942,0,624726,1.1,Internal stds_pos
Internal stds_pos,180821_Poo_Day1and2Poo_Full6,"L-Isoleucine, 15N",7.06,12163152,0,659147,1,Internal stds_pos
Internal stds_pos,180821_Poo_Day1and2Poo_Half1,"L-Isoleucine, 15N",7.62,3939120,0,224126,1.9,Internal stds_pos
Internal stds_pos,180821_Poo_Day1and2Poo_Half2,"L-Isoleucine, 15N",7.59,3040103,0,181249,1.2,Internal stds_pos
Internal stds_pos,180821_Poo_Day1and2Poo_Half3,"L-Isoleucine, 15N",7.6,3724735,0,220430,1.4,Internal stds_pos
Internal stds_pos,180821_Poo_Day1and2Poo_Half4,"L-Isoleucine, 15N",7.41,3718560,0,208861,0.5,Internal stds_pos
Internal stds_pos,180821_Poo_Day1and2Poo_Half5,"L-Isoleucine, 15N",7.2,5635991,0,305006,1.6,Internal stds_pos
Internal stds_pos,180821_Poo_Day1and2Poo_Half6,"L-Isoleucine, 15N",7.09,6054362,0,318723,1.2,Internal stds_pos
Internal stds_pos,180821_Poo_MesoScopeQC_1,"L-Isoleucine, 15N",7.59,5791600,0,335137,1.3,Internal stds_pos
Internal stds_pos,180821_Poo_MesoScopeQC_2,"L-Isoleucine, 15N",7.62,5486069,0,326217,1.6,Internal stds_pos
Internal stds_pos,180821_Poo_MesoScopeQC_3,"L-Isoleucine, 15N",7.58,7081946,0,417593,1.5,Internal stds_pos
Internal stds_pos,180821_Poo_MesoScopeQC_4,"L-Isoleucine, 15N",7.52,7912903,0,480584,0.7,Internal stds_pos
Internal stds_pos,180821_Poo_MesoScopeQC_5,"L-Isoleucine, 15N",7.17,12195659,69042,682219,1.3,Internal stds_pos
Internal stds_pos,180821_Poo_MesoScopeQC_6,"L-Isoleucine, 15N",7.06,13835481,0,693862,1.4,Internal stds_pos
Internal stds_pos,180821_Smp_MS10C215m_A,"L-Isoleucine, 15N",7.64,5938739,0,332171,1.8,Internal stds_pos
Internal stds_pos,180821_Smp_MS10C215m_B,"L-Isoleucine, 15N",6.98,15826986,0,663710,1.2,Internal stds_pos
Internal stds_pos,180821_Smp_MS10C215m_C,"L-Isoleucine, 15N",7.55,6725229,12408,451010,0.7,Internal stds_pos
Internal stds_pos,180821_Smp_MS10C2175m_A,"L-Isoleucine, 15N",6.97,13705366,0,616289,0.8,Internal stds_pos
Internal stds_pos,180821_Smp_MS10C2175m_B,"L-Isoleucine, 15N",7.18,13222743,0,691187,1.4,Internal stds_pos
Internal stds_pos,180821_Smp_MS10C2175m_C,"L-Isoleucine, 15N",7.58,7746439,0,479764,1.4,Internal stds_pos
Internal stds_pos,180821_Smp_MS10C2DCM_A,"L-Isoleucine, 15N",7.2,12110069,0,697041,1.3,Internal stds_pos
Internal stds_pos,180821_Smp_MS10C2DCM_B,"L-Isoleucine, 15N",6.97,14099077,0,629674,1.1,Internal stds_pos
Internal stds_pos,180821_Smp_MS10C2DCM_C,"L-Isoleucine, 15N",7.21,12194842,0,651384,1.1,Internal stds_pos
Internal stds_pos,180821_Smp_MS11C215m_A,"L-Isoleucine, 15N",7.61,7311788,0,461389,1.9,Internal stds_pos
Internal stds_pos,180821_Smp_MS11C215m_B,"L-Isoleucine, 15N",7.57,6489689,0,391014,1.7,Internal stds_pos
Internal stds_pos,180821_Smp_MS11C215m_C,"L-Isoleucine, 15N",7.57,7608657,0,429024,1.9,Internal stds_pos
Internal stds_pos,180821_Smp_MS11C2175m_A,"L-Isoleucine, 15N",7.22,9481677,0,513121,0.2,Internal stds_pos
Internal stds_pos,180821_Smp_MS11C2175m_B,"L-Isoleucine, 15N",7.62,7103029,0,429894,1.7,Internal stds_pos
Internal stds_pos,180821_Smp_MS11C2175m_C,"L-Isoleucine, 15N",7.49,8461466,0,448962,1,Internal stds_pos
Internal stds_pos,180821_Smp_MS11C2DCM_A,"L-Isoleucine, 15N",7.18,8934424,0,438696,0.3,Internal stds_pos
Internal stds_pos,180821_Smp_MS11C2DCM_B,"L-Isoleucine, 15N",7.69,4739963,0,298135,1.7,Internal stds_pos
Internal stds_pos,180821_Smp_MS11C2DCM_C,"L-Isoleucine, 15N",7.14,12371261,0,606595,0.6,Internal stds_pos
Internal stds_pos,180821_Smp_MS12C115m_A,"L-Isoleucine, 15N",7.13,12730328,74508,737908,0.9,Internal stds_pos
Internal stds_pos,180821_Smp_MS12C115m_B,"L-Isoleucine, 15N",7.04,15532710,0,746857,0.8,Internal stds_pos
Internal stds_pos,180821_Smp_MS12C115m_C,"L-Isoleucine, 15N",7.35,9002819,0,438569,0.2,Internal stds_pos
Internal stds_pos,180821_Smp_MS12C1175m_A,"L-Isoleucine, 15N",7.67,5961293,0,353462,1.7,Internal stds_pos
Internal stds_pos,180821_Smp_MS12C1175m_B,"L-Isoleucine, 15N",7.18,12846077,0,714340,1.5,Internal stds_pos
Internal stds_pos,180821_Smp_MS12C1175m_C,"L-Isoleucine, 15N",7.49,7845171,0,458143,1,Internal stds_pos
Internal stds_pos,180821_Smp_MS12C1DCM_A,"L-Isoleucine, 15N",7.58,5660910,0,333233,1.4,Internal stds_pos
Internal stds_pos,180821_Smp_MS12C1DCM_B,"L-Isoleucine, 15N",7.23,8943744,0,549500,-0.3,Internal stds_pos
Internal stds_pos,180821_Smp_MS12C1DCM_C,"L-Isoleucine, 15N",7.29,8373294,0,461137,0,Internal stds_pos
Internal stds_pos,180821_Smp_MS13C2175m_A,"L-Isoleucine, 15N",7.64,6275029,0,383818,1.5,Internal stds_pos
Internal stds_pos,180821_Smp_MS13C2175m_B,"L-Isoleucine, 15N",7.61,7248617,0,456099,1.6,Internal stds_pos
Internal stds_pos,180821_Smp_MS13C2175m_C,"L-Isoleucine, 15N",7.49,8197537,0,527041,1.3,Internal stds_pos
Internal stds_pos,180821_Smp_MS13C2DCM_A,"L-Isoleucine, 15N",7.58,6618658,0,423651,1.2,Internal stds_pos
Internal stds_pos,180821_Smp_MS13C2DCM_B,"L-Isoleucine, 15N",7.53,7773882,0,430839,0.6,Internal stds_pos
Internal stds_pos,180821_Smp_MS13C2DCM_C,"L-Isoleucine, 15N",7.47,7120309,0,411313,0.7,Internal stds_pos
Internal stds_pos,180821_Smp_MS13C315m_A,"L-Isoleucine, 15N",7.29,8657789,0,458295,0.5,Internal stds_pos
Internal stds_pos,180821_Smp_MS13C315m_B,"L-Isoleucine, 15N",7.64,5989802,0,358847,1.1,Internal stds_pos
Internal stds_pos,180821_Smp_MS13C315m_C,"L-Isoleucine, 15N",7.23,8846233,0,441589,0.2,Internal stds_pos
Internal stds_pos,180821_Smp_MS14C215m_A,"L-Isoleucine, 15N",6.98,15718898,0,670601,1,Internal stds_pos
Internal stds_pos,180821_Smp_MS14C215m_B,"L-Isoleucine, 15N",7.52,8475113,0,454091,0.9,Internal stds_pos
Internal stds_pos,180821_Smp_MS14C215m_C,"L-Isoleucine, 15N",7.52,7151071,0,400308,0.8,Internal stds_pos
Internal stds_pos,180821_Smp_MS14C2175m_A,"L-Isoleucine, 15N",7.49,7331218,0,441081,0.7,Internal stds_pos
Internal stds_pos,180821_Smp_MS14C2175m_B,"L-Isoleucine, 15N",7.17,12465792,0,661749,1,Internal stds_pos
Internal stds_pos,180821_Smp_MS14C2175m_C,"L-Isoleucine, 15N",7.66,5627045,0,304097,1.7,Internal stds_pos
Internal stds_pos,180821_Smp_MS14C2DCM_A,"L-Isoleucine, 15N",7.64,5771431,0,367598,1.1,Internal stds_pos
Internal stds_pos,180821_Smp_MS14C2DCM_B,"L-Isoleucine, 15N",7.07,15736652,0,818008,1.2,Internal stds_pos
Internal stds_pos,180821_Smp_MS14C2DCM_C,"L-Isoleucine, 15N",7.43,13073695,0,709562,0.3,Internal stds_pos
Internal stds_pos,180821_Smp_MS4C115m_A,"L-Isoleucine, 15N",7.61,7595949,0,424720,1.6,Internal stds_pos
Internal stds_pos,180821_Smp_MS4C115m_B,"L-Isoleucine, 15N",7.17,12783817,156893,666047,1.1,Internal stds_pos
Internal stds_pos,180821_Smp_MS4C115m_C,"L-Isoleucine, 15N",6.89,15339864,0,622982,1.3,Internal stds_pos
Internal stds_pos,180821_Smp_MS4C1175m_A,"L-Isoleucine, 15N",7.57,5810756,0,335823,1.6,Internal stds_pos
Internal stds_pos,180821_Smp_MS4C1175m_B,"L-Isoleucine, 15N",7.55,7428031,0,430815,2,Internal stds_pos
Internal stds_pos,180821_Smp_MS4C1175m_C,"L-Isoleucine, 15N",7.24,8988740,0,480401,0.3,Internal stds_pos
Internal stds_pos,180821_Smp_MS4C1DCM_A,"L-Isoleucine, 15N",7.58,7290666,0,441397,1.7,Internal stds_pos
Internal stds_pos,180821_Smp_MS4C1DCM_B,"L-Isoleucine, 15N",7.62,5250222,0,334952,1,Internal stds_pos
Internal stds_pos,180821_Smp_MS4C1DCM_C,"L-Isoleucine, 15N",7.46,7320298,0,409694,0.6,Internal stds_pos
Internal stds_pos,180821_Smp_MS5C115m_A,"L-Isoleucine, 15N",7.21,9728152,41956,491076,-0.1,Internal stds_pos
Internal stds_pos,180821_Smp_MS5C115m_B,"L-Isoleucine, 15N",7.59,7433868,0,442051,1.3,Internal stds_pos
Internal stds_pos,180821_Smp_MS5C115m_C,"L-Isoleucine, 15N",7.53,8253947,0,471342,1.1,Internal stds_pos
Internal stds_pos,180821_Smp_MS5C1175m_A,"L-Isoleucine, 15N",7.6,6232558,0,350820,1.6,Internal stds_pos
Internal stds_pos,180821_Smp_MS5C1175m_B,"L-Isoleucine, 15N",7.47,7969275,0,455815,1.2,Internal stds_pos
Internal stds_pos,180821_Smp_MS5C1175m_C,"L-Isoleucine, 15N",6.96,14943236,0,650247,1,Internal stds_pos
Internal stds_pos,180821_Smp_MS5C1DCM_A,"L-Isoleucine, 15N",7.32,9091862,0,494562,-0.1,Internal stds_pos
Internal stds_pos,180821_Smp_MS5C1DCM_B,"L-Isoleucine, 15N",7.62,7481717,0,446829,1.4,Internal stds_pos
Internal stds_pos,180821_Smp_MS5C1DCM_C,"L-Isoleucine, 15N",7.12,15524450,0,823435,1.2,Internal stds_pos
Internal stds_pos,180821_Smp_MS6C315m_A,"L-Isoleucine, 15N",7.59,6983065,0,450840,1.3,Internal stds_pos
Internal stds_pos,180821_Smp_MS6C315m_B,"L-Isoleucine, 15N",7.56,6956283,0,418263,0.6,Internal stds_pos
Internal stds_pos,180821_Smp_MS6C315m_C,"L-Isoleucine, 15N",7.48,7676651,0,420213,1.3,Internal stds_pos
Internal stds_pos,180821_Smp_MS6C3175m_A,"L-Isoleucine, 15N",6.94,14242196,0,610186,1.1,Internal stds_pos
Internal stds_pos,180821_Smp_MS6C3175m_B,"L-Isoleucine, 15N",7.14,12632066,0,652649,1.3,Internal stds_pos
Internal stds_pos,180821_Smp_MS6C3175m_C,"L-Isoleucine, 15N",7.59,7799921,0,412095,1.6,Internal stds_pos
Internal stds_pos,180821_Smp_MS6C3DCM_A,"L-Isoleucine, 15N",7.65,7296160,0,440377,1.6,Internal stds_pos
Internal stds_pos,180821_Smp_MS6C3DCM_B,"L-Isoleucine, 15N",7.64,7464843,0,436208,1.1,Internal stds_pos
Internal stds_pos,180821_Smp_MS6C3DCM_C,"L-Isoleucine, 15N",7.24,9164317,116551,511645,-0.2,Internal stds_pos
Internal stds_pos,180821_Smp_MS7C115m_A,"L-Isoleucine, 15N",7.5,7244381,0,400406,0.5,Internal stds_pos
Internal stds_pos,180821_Smp_MS7C115m_B,"L-Isoleucine, 15N",7.65,7474611,0,433768,1.7,Internal stds_pos
Internal stds_pos,180821_Smp_MS7C115m_C,"L-Isoleucine, 15N",7.47,7310994,26509,389818,0.8,Internal stds_pos
Internal stds_pos,180821_Smp_MS7C1175m_A,"L-Isoleucine, 15N",7.51,8009508,0,444926,1,Internal stds_pos
Internal stds_pos,180821_Smp_MS7C1175m_B,"L-Isoleucine, 15N",7.61,7386866,0,429470,1.3,Internal stds_pos
Internal stds_pos,180821_Smp_MS7C1175m_C,"L-Isoleucine, 15N",7.64,7342432,0,418979,1.6,Internal stds_pos
Internal stds_pos,180821_Smp_MS7C1DCM_A,"L-Isoleucine, 15N",7.44,7295329,0,430249,0.6,Internal stds_pos
Internal stds_pos,180821_Smp_MS7C1DCM_B,"L-Isoleucine, 15N",7.52,7538815,0,440748,0.7,Internal stds_pos
Internal stds_pos,180821_Smp_MS7C1DCM_C,"L-Isoleucine, 15N",7.23,8127178,0,465687,0,Internal stds_pos
Internal stds_pos,180821_Smp_MS8C115m_A,"L-Isoleucine, 15N",7.49,7916341,0,460730,1.4,Internal stds_pos
Internal stds_pos,180821_Smp_MS8C115m_B,"L-Isoleucine, 15N",7.58,7940157,0,464311,1.6,Internal stds_pos
Internal stds_pos,180821_Smp_MS8C115m_C,"L-Isoleucine, 15N",7.02,14262971,0,653754,1.2,Internal stds_pos
Internal stds_pos,180821_Smp_MS8C1175m_A,"L-Isoleucine, 15N",7.06,16424943,0,815024,1.2,Internal stds_pos
Internal stds_pos,180821_Smp_MS8C1175m_B,"L-Isoleucine, 15N",7.18,23624346,0,1208041,0.7,Internal stds_pos
Internal stds_pos,180821_Smp_MS8C1175m_C,"L-Isoleucine, 15N",7.07,16128969,0,837870,1.2,Internal stds_pos
Internal stds_pos,180821_Smp_MS8C1DCM_A,"L-Isoleucine, 15N",6.93,14298014,0,607550,0.8,Internal stds_pos
Internal stds_pos,180821_Smp_MS8C1DCM_B,"L-Isoleucine, 15N",7.06,15889503,0,841975,0.9,Internal stds_pos
Internal stds_pos,180821_Smp_MS8C1DCM_C,"L-Isoleucine, 15N",7.66,6217324,0,373057,1.4,Internal stds_pos
Internal stds_pos,180821_Smp_MS9C215m_A,"L-Isoleucine, 15N",7.53,6899779,0,415589,0.9,Internal stds_pos
Internal stds_pos,180821_Smp_MS9C215m_B,"L-Isoleucine, 15N",6.9,15875797,0,713498,1,Internal stds_pos
Internal stds_pos,180821_Smp_MS9C215m_C,"L-Isoleucine, 15N",7.58,6776407,0,448392,1.6,Internal stds_pos
Internal stds_pos,180821_Smp_MS9C2175m_A,"L-Isoleucine, 15N",7.05,13294225,0,666407,1,Internal stds_pos
Internal stds_pos,180821_Smp_MS9C2175m_B,"L-Isoleucine, 15N",7.62,7461576,0,437134,1.6,Internal stds_pos
Internal stds_pos,180821_Smp_MS9C2175m_C,"L-Isoleucine, 15N",7.69,5962992,0,341885,1.7,Internal stds_pos
Internal stds_pos,180821_Smp_MS9C2DCM_A,"L-Isoleucine, 15N",7.09,17042816,0,834421,0.7,Internal stds_pos
Internal stds_pos,180821_Smp_MS9C2DCM_B,"L-Isoleucine, 15N",7.58,7215678,0,446466,1.4,Internal stds_pos
Internal stds_pos,180821_Smp_MS9C2DCM_C,"L-Isoleucine, 15N",7.04,16263784,0,827070,0.9,Internal stds_pos
Internal stds_pos,180821_Std_4uMStdsMix1InH2O_1,"L-Methionine, D3",7.91,83339,0,13082,0.3,Internal stds_pos
Internal stds_pos,180821_Std_4uMStdsMix1InH2O_2,"L-Methionine, D3",8.31,208894,50557,17717,-0.9,Internal stds_pos
Internal stds_pos,180821_Std_4uMStdsMix1InH2O_3,"L-Methionine, D3",7.68,16586,191938,5556,-0.8,Internal stds_pos
Internal stds_pos,180821_Std_4uMStdsMix1InMatrix_1,"L-Methionine, D3",7.72,25340752,0,1262534,0.8,Internal stds_pos
Internal stds_pos,180821_Std_4uMStdsMix1InMatrix_2,"L-Methionine, D3",7.19,24144454,0,1257815,-0.4,Internal stds_pos
Internal stds_pos,180821_Std_4uMStdsMix1InMatrix_3,"L-Methionine, D3",6.62,37699356,0,1158564,0.1,Internal stds_pos
Internal stds_pos,180821_Std_4uMStdsMix2InH2O_1,"L-Methionine, D3",8.17,215260,154848,17415,0.8,Internal stds_pos
Internal stds_pos,180821_Std_4uMStdsMix2InH2O_2,"L-Methionine, D3",8.09,553810,0,44791,-1.2,Internal stds_pos
Internal stds_pos,180821_Std_4uMStdsMix2InH2O_3,"L-Methionine, D3",8.07,565148,0,40936,-0.4,Internal stds_pos
Internal stds_pos,180821_Std_4uMStdsMix2InMatrix_1,"L-Methionine, D3",7.75,29463510,0,1423334,1.1,Internal stds_pos
Internal stds_pos,180821_Std_4uMStdsMix2InMatrix_2,"L-Methionine, D3",7.19,28604720,0,1343619,-0.6,Internal stds_pos
Internal stds_pos,180821_Std_4uMStdsMix2InMatrix_3,"L-Methionine, D3",6.6,36596488,1691144,1216298,0,Internal stds_pos
Internal stds_pos,180821_Std_H2OInMatrix_1,"L-Methionine, D3",7.78,25064352,0,1143505,0.9,Internal stds_pos
Internal stds_pos,180821_Std_H2OInMatrix_2,"L-Methionine, D3",7.16,22939202,0,1031161,-0.7,Internal stds_pos
Internal stds_pos,180821_Std_H2OInMatrix_3,"L-Methionine, D3",6.63,33260970,0,931562,0,Internal stds_pos
Internal stds_pos,180821_Blk_FilterBlank_1,"L-Methionine, D3",6.74,41072484,1482295,2509384,-0.1,Internal stds_pos
Internal stds_pos,180821_Blk_MQBlk_1,"L-Methionine, D3",7.84,9159152,54957,667757,1.1,Internal stds_pos
Internal stds_pos,180821_Blk_MQBlk_2,"L-Methionine, D3",7.65,7639338,250834,563944,0.1,Internal stds_pos
Internal stds_pos,180821_Blk_MQBlk_3,"L-Methionine, D3",7.12,13924831,761220,986130,0.4,Internal stds_pos
Internal stds_pos,180821_Blk_SWBlk_1,"L-Methionine, D3",7.8,13781260,338105,677256,1.2,Internal stds_pos
Internal stds_pos,180821_Blk_SWBlk_2,"L-Methionine, D3",7.6,16767623,685349,779575,0.4,Internal stds_pos
Internal stds_pos,180821_Blk_SWBlk_3,"L-Methionine, D3",7.12,26383032,742348,978323,0.2,Internal stds_pos
Internal stds_pos,180821_Poo_Day1and2Poo_Full1,"L-Methionine, D3",7.86,21188976,0,1040106,1.2,Internal stds_pos
Internal stds_pos,180821_Poo_Day1and2Poo_Full2,"L-Methionine, D3",7.79,15320809,136593,764463,0.8,Internal stds_pos
Internal stds_pos,180821_Poo_Day1and2Poo_Full3,"L-Methionine, D3",7.7,18919042,0,889340,1.1,Internal stds_pos
Internal stds_pos,180821_Poo_Day1and2Poo_Full4,"L-Methionine, D3",7.55,17947312,0,780451,0.4,Internal stds_pos
Internal stds_pos,180821_Poo_Day1and2Poo_Full5,"L-Methionine, D3",7.04,25293876,376472,1092942,0.5,Internal stds_pos
Internal stds_pos,180821_Poo_Day1and2Poo_Full6,"L-Methionine, D3",7.03,26523076,163755,781130,0.1,Internal stds_pos
Internal stds_pos,180821_Poo_Day1and2Poo_Half1,"L-Methionine, D3",7.88,10320693,0,516970,1.3,Internal stds_pos
Internal stds_pos,180821_Poo_Day1and2Poo_Half2,"L-Methionine, D3",7.84,8175188,0,391852,0.5,Internal stds_pos
Internal stds_pos,180821_Poo_Day1and2Poo_Half3,"L-Methionine, D3",7.74,9712914,0,479593,0.9,Internal stds_pos
Internal stds_pos,180821_Poo_Day1and2Poo_Half4,"L-Methionine, D3",7.64,9552446,0,409955,0.1,Internal stds_pos
Internal stds_pos,180821_Poo_Day1and2Poo_Half5,"L-Methionine, D3",7.1,12564717,850644,514282,0.8,Internal stds_pos
Internal stds_pos,180821_Poo_Day1and2Poo_Half6,"L-Methionine, D3",7.01,13522924,427011,478792,0.2,Internal stds_pos
Internal stds_pos,180821_Poo_MesoScopeQC_1,"L-Methionine, D3",7.79,12731445,0,575398,0.6,Internal stds_pos
Internal stds_pos,180821_Poo_MesoScopeQC_2,"L-Methionine, D3",7.78,12842590,0,583802,1,Internal stds_pos
Internal stds_pos,180821_Poo_MesoScopeQC_3,"L-Methionine, D3",7.7,16359951,0,760104,0.9,Internal stds_pos
Internal stds_pos,180821_Poo_MesoScopeQC_4,"L-Methionine, D3",7.64,17717280,0,854978,0.2,Internal stds_pos
Internal stds_pos,180821_Poo_MesoScopeQC_5,"L-Methionine, D3",7.06,26019778,1417131,1021692,0.5,Internal stds_pos
Internal stds_pos,180821_Poo_MesoScopeQC_6,"L-Methionine, D3",6.88,28444118,757093,937340,0.5,Internal stds_pos
Internal stds_pos,180821_Smp_MS10C215m_A,"L-Methionine, D3",7.86,14705880,0,736219,0.9,Internal stds_pos
Internal stds_pos,180821_Smp_MS10C215m_B,"L-Methionine, D3",6.72,39358024,0,1207151,0.2,Internal stds_pos
Internal stds_pos,180821_Smp_MS10C215m_C,"L-Methionine, D3",7.59,16790960,123432,1060284,0.4,Internal stds_pos
Internal stds_pos,180821_Smp_MS10C2175m_A,"L-Methionine, D3",6.72,36588356,698756,1155361,-0.1,Internal stds_pos
Internal stds_pos,180821_Smp_MS10C2175m_B,"L-Methionine, D3",7.12,33359294,953654,1337163,0.6,Internal stds_pos
Internal stds_pos,180821_Smp_MS10C2175m_C,"L-Methionine, D3",7.76,19777286,50013,932309,0.9,Internal stds_pos
Internal stds_pos,180821_Smp_MS10C2DCM_A,"L-Methionine, D3",7.06,29785726,1042467,1467509,0.7,Internal stds_pos
Internal stds_pos,180821_Smp_MS10C2DCM_B,"L-Methionine, D3",6.74,35629092,0,1024749,0.1,Internal stds_pos
Internal stds_pos,180821_Smp_MS10C2DCM_C,"L-Methionine, D3",7.07,29539430,993871,1241154,0.5,Internal stds_pos
Internal stds_pos,180821_Smp_MS11C215m_A,"L-Methionine, D3",7.76,19361088,0,986625,1.3,Internal stds_pos
Internal stds_pos,180821_Smp_MS11C215m_B,"L-Methionine, D3",7.85,17425144,0,808658,1,Internal stds_pos
Internal stds_pos,180821_Smp_MS11C215m_C,"L-Methionine, D3",7.73,20263804,0,950284,1.4,Internal stds_pos
Internal stds_pos,180821_Smp_MS11C2175m_A,"L-Methionine, D3",7.22,22273188,697572,939532,-0.7,Internal stds_pos
Internal stds_pos,180821_Smp_MS11C2175m_B,"L-Methionine, D3",7.82,17961042,0,1102699,0.9,Internal stds_pos
Internal stds_pos,180821_Smp_MS11C2175m_C,"L-Methionine, D3",7.58,20855718,461855,929036,0.4,Internal stds_pos
Internal stds_pos,180821_Smp_MS11C2DCM_A,"L-Methionine, D3",7.18,21646492,86083,933686,-0.2,Internal stds_pos
Internal stds_pos,180821_Smp_MS11C2DCM_B,"L-Methionine, D3",7.92,14328635,0,716200,1,Internal stds_pos
Internal stds_pos,180821_Smp_MS11C2DCM_C,"L-Methionine, D3",7.09,29074254,656173,1295230,0,Internal stds_pos
Internal stds_pos,180821_Smp_MS12C115m_A,"L-Methionine, D3",7.06,31575142,848945,1462567,0.3,Internal stds_pos
Internal stds_pos,180821_Smp_MS12C115m_B,"L-Methionine, D3",6.95,36255924,578566,1236788,-0.1,Internal stds_pos
Internal stds_pos,180821_Smp_MS12C115m_C,"L-Methionine, D3",7.26,21384500,180619,900803,-0.1,Internal stds_pos
Internal stds_pos,180821_Smp_MS12C1175m_A,"L-Methionine, D3",7.9,14966521,0,725939,1.1,Internal stds_pos
Internal stds_pos,180821_Smp_MS12C1175m_B,"L-Methionine, D3",7.07,32977828,786226,1213481,0.7,Internal stds_pos
Internal stds_pos,180821_Smp_MS12C1175m_C,"L-Methionine, D3",7.59,18675156,0,816722,0.3,Internal stds_pos
Internal stds_pos,180821_Smp_MS12C1DCM_A,"L-Methionine, D3",7.87,16405699,0,751757,1,Internal stds_pos
Internal stds_pos,180821_Smp_MS12C1DCM_B,"L-Methionine, D3",7.21,20365988,0,900628,-0.4,Internal stds_pos
Internal stds_pos,180821_Smp_MS12C1DCM_C,"L-Methionine, D3",7.21,19163336,0,772225,-0.2,Internal stds_pos
Internal stds_pos,180821_Smp_MS13C2175m_A,"L-Methionine, D3",7.82,16628347,0,866099,0.8,Internal stds_pos
Internal stds_pos,180821_Smp_MS13C2175m_B,"L-Methionine, D3",7.78,19568484,0,990330,0.9,Internal stds_pos
Internal stds_pos,180821_Smp_MS13C2175m_C,"L-Methionine, D3",7.64,20536886,0,1037489,0.6,Internal stds_pos
Internal stds_pos,180821_Smp_MS13C2DCM_A,"L-Methionine, D3",7.72,19255388,0,951564,0.9,Internal stds_pos
Internal stds_pos,180821_Smp_MS13C2DCM_B,"L-Methionine, D3",7.67,20525598,0,954000,0.4,Internal stds_pos
Internal stds_pos,180821_Smp_MS13C2DCM_C,"L-Methionine, D3",7.56,18674692,0,948116,0.6,Internal stds_pos
Internal stds_pos,180821_Smp_MS13C315m_A,"L-Methionine, D3",7.18,21599274,0,898737,-0.2,Internal stds_pos
Internal stds_pos,180821_Smp_MS13C315m_B,"L-Methionine, D3",7.87,15126029,0,735044,0.4,Internal stds_pos
Internal stds_pos,180821_Smp_MS13C315m_C,"L-Methionine, D3",7.17,21474328,0,806202,-0.2,Internal stds_pos
Internal stds_pos,180821_Smp_MS14C215m_A,"L-Methionine, D3",6.74,38623972,0,1141383,0,Internal stds_pos
Internal stds_pos,180821_Smp_MS14C215m_B,"L-Methionine, D3",7.62,21188568,0,983675,0.5,Internal stds_pos
Internal stds_pos,180821_Smp_MS14C215m_C,"L-Methionine, D3",7.61,18601190,0,864070,0.5,Internal stds_pos
Internal stds_pos,180821_Smp_MS14C2175m_A,"L-Methionine, D3",7.62,18002994,64457,855765,0.2,Internal stds_pos
Internal stds_pos,180821_Smp_MS14C2175m_B,"L-Methionine, D3",7.14,29808764,1039502,1328255,0.4,Internal stds_pos
Internal stds_pos,180821_Smp_MS14C2175m_C,"L-Methionine, D3",7.83,14442378,0,685620,0.9,Internal stds_pos
Internal stds_pos,180821_Smp_MS14C2DCM_A,"L-Methionine, D3",7.87,15032935,0,759150,0.6,Internal stds_pos
Internal stds_pos,180821_Smp_MS14C2DCM_B,"L-Methionine, D3",6.91,38936600,1037071,1358641,0.5,Internal stds_pos
Internal stds_pos,180821_Smp_MS14C2DCM_C,"L-Methionine, D3",7.62,35363148,0,1498723,0.2,Internal stds_pos
Internal stds_pos,180821_Smp_MS4C115m_A,"L-Methionine, D3",7.86,19472676,0,921563,0.6,Internal stds_pos
Internal stds_pos,180821_Smp_MS4C115m_B,"L-Methionine, D3",7.07,29553680,899074,1196189,0.3,Internal stds_pos
Internal stds_pos,180821_Smp_MS4C115m_C,"L-Methionine, D3",6.65,39762348,0,1190935,0.2,Internal stds_pos
Internal stds_pos,180821_Smp_MS4C1175m_A,"L-Methionine, D3",7.8,14395271,0,708324,1,Internal stds_pos
Internal stds_pos,180821_Smp_MS4C1175m_B,"L-Methionine, D3",7.73,18359832,0,913459,1.2,Internal stds_pos
Internal stds_pos,180821_Smp_MS4C1175m_C,"L-Methionine, D3",7.24,21376456,130541,894792,-0.4,Internal stds_pos
Internal stds_pos,180821_Smp_MS4C1DCM_A,"L-Methionine, D3",7.75,19454814,0,957903,1.3,Internal stds_pos
Internal stds_pos,180821_Smp_MS4C1DCM_B,"L-Methionine, D3",7.84,14973414,0,730241,0.5,Internal stds_pos
Internal stds_pos,180821_Smp_MS4C1DCM_C,"L-Methionine, D3",7.58,18309520,197420,874935,0.5,Internal stds_pos
Internal stds_pos,180821_Smp_MS5C115m_A,"L-Methionine, D3",7.21,22923092,0,930813,-0.7,Internal stds_pos
Internal stds_pos,180821_Smp_MS5C115m_B,"L-Methionine, D3",7.79,20051196,0,970130,0.8,Internal stds_pos
Internal stds_pos,180821_Smp_MS5C115m_C,"L-Methionine, D3",7.66,21029088,0,979544,0.4,Internal stds_pos
Internal stds_pos,180821_Smp_MS5C1175m_A,"L-Methionine, D3",7.81,16115236,0,811237,0.9,Internal stds_pos
Internal stds_pos,180821_Smp_MS5C1175m_B,"L-Methionine, D3",7.59,19544122,174367,897827,0.4,Internal stds_pos
Internal stds_pos,180821_Smp_MS5C1175m_C,"L-Methionine, D3",6.64,39627904,0,1107167,0.1,Internal stds_pos
Internal stds_pos,180821_Smp_MS5C1DCM_A,"L-Methionine, D3",7.21,20983428,400370,860102,-0.6,Internal stds_pos
Internal stds_pos,180821_Smp_MS5C1DCM_B,"L-Methionine, D3",7.86,18809404,0,979459,0.9,Internal stds_pos
Internal stds_pos,180821_Smp_MS5C1DCM_C,"L-Methionine, D3",7,35373372,916683,1269247,0.5,Internal stds_pos
Internal stds_pos,180821_Smp_MS6C315m_A,"L-Methionine, D3",7.78,17215672,0,1048845,0.8,Internal stds_pos
Internal stds_pos,180821_Smp_MS6C315m_B,"L-Methionine, D3",7.64,18404228,0,943937,0.4,Internal stds_pos
Internal stds_pos,180821_Smp_MS6C315m_C,"L-Methionine, D3",7.62,19335288,0,911352,0.6,Internal stds_pos
Internal stds_pos,180821_Smp_MS6C3175m_A,"L-Methionine, D3",6.63,38919620,0,1140686,0.3,Internal stds_pos
Internal stds_pos,180821_Smp_MS6C3175m_B,"L-Methionine, D3",7.06,31497588,802706,1213630,0.6,Internal stds_pos
Internal stds_pos,180821_Smp_MS6C3175m_C,"L-Methionine, D3",7.89,19530408,0,969622,0.9,Internal stds_pos
Internal stds_pos,180821_Smp_MS6C3DCM_A,"L-Methionine, D3",7.77,18963464,0,990597,1.1,Internal stds_pos
Internal stds_pos,180821_Smp_MS6C3DCM_B,"L-Methionine, D3",7.82,19764264,0,933039,0.6,Internal stds_pos
Internal stds_pos,180821_Smp_MS6C3DCM_C,"L-Methionine, D3",7.24,22075584,0,955515,-0.5,Internal stds_pos
Internal stds_pos,180821_Smp_MS7C115m_A,"L-Methionine, D3",7.58,19168972,0,888737,0.1,Internal stds_pos
Internal stds_pos,180821_Smp_MS7C115m_B,"L-Methionine, D3",7.89,18999674,0,909176,1,Internal stds_pos
Internal stds_pos,180821_Smp_MS7C115m_C,"L-Methionine, D3",7.62,18207734,0,912203,0.3,Internal stds_pos
Internal stds_pos,180821_Smp_MS7C1175m_A,"L-Methionine, D3",7.65,21119646,0,973230,0.3,Internal stds_pos
Internal stds_pos,180821_Smp_MS7C1175m_B,"L-Methionine, D3",7.79,18836464,0,953615,0.8,Internal stds_pos
Internal stds_pos,180821_Smp_MS7C1175m_C,"L-Methionine, D3",7.76,18538342,0,1047392,1.1,Internal stds_pos
Internal stds_pos,180821_Smp_MS7C1DCM_A,"L-Methionine, D3",7.61,18698868,0,938542,0.1,Internal stds_pos
Internal stds_pos,180821_Smp_MS7C1DCM_B,"L-Methionine, D3",7.66,19397016,0,924439,0.3,Internal stds_pos
Internal stds_pos,180821_Smp_MS7C1DCM_C,"L-Methionine, D3",7.23,19922946,66489,863896,-0.3,Internal stds_pos
Internal stds_pos,180821_Smp_MS8C115m_A,"L-Methionine, D3",7.64,19558598,0,920507,0.7,Internal stds_pos
Internal stds_pos,180821_Smp_MS8C115m_B,"L-Methionine, D3",7.79,20096772,0,978815,0.9,Internal stds_pos
Internal stds_pos,180821_Smp_MS8C115m_C,"L-Methionine, D3",6.91,34218696,1066568,1289869,0.2,Internal stds_pos
Internal stds_pos,180821_Smp_MS8C1175m_A,"L-Methionine, D3",6.85,40204260,1052223,1336149,0.4,Internal stds_pos
Internal stds_pos,180821_Smp_MS8C1175m_B,"L-Methionine, D3",7.09,59148156,1136701,2108014,0,Internal stds_pos
Internal stds_pos,180821_Smp_MS8C1175m_C,"L-Methionine, D3",6.88,40700068,1048627,1460907,0.4,Internal stds_pos
Internal stds_pos,180821_Smp_MS8C1DCM_A,"L-Methionine, D3",6.69,37506772,0,973785,-0.1,Internal stds_pos
Internal stds_pos,180821_Smp_MS8C1DCM_B,"L-Methionine, D3",6.9,39004048,1264104,1990166,0.2,Internal stds_pos
Internal stds_pos,180821_Smp_MS8C1DCM_C,"L-Methionine, D3",7.88,15621283,0,757306,0.8,Internal stds_pos
Internal stds_pos,180821_Smp_MS9C215m_A,"L-Methionine, D3",7.64,17494672,0,926267,0.3,Internal stds_pos
Internal stds_pos,180821_Smp_MS9C215m_B,"L-Methionine, D3",6.67,39337476,0,1201417,0,Internal stds_pos
Internal stds_pos,180821_Smp_MS9C215m_C,"L-Methionine, D3",7.74,17985106,193564,872050,0.8,Internal stds_pos
Internal stds_pos,180821_Smp_MS9C2175m_A,"L-Methionine, D3",6.91,34125012,648067,1270627,0.2,Internal stds_pos
Internal stds_pos,180821_Smp_MS9C2175m_B,"L-Methionine, D3",7.73,19761660,189244,977138,0.9,Internal stds_pos
Internal stds_pos,180821_Smp_MS9C2175m_C,"L-Methionine, D3",7.9,14413655,0,737852,0.9,Internal stds_pos
Internal stds_pos,180821_Smp_MS9C2DCM_A,"L-Methionine, D3",6.87,41844976,1079452,1437700,0,Internal stds_pos
Internal stds_pos,180821_Smp_MS9C2DCM_B,"L-Methionine, D3",7.82,19306660,0,876448,0.9,Internal stds_pos
Internal stds_pos,180821_Smp_MS9C2DCM_C,"L-Methionine, D3",6.96,38818720,0,1263600,0.1,Internal stds_pos
